time,TAILWATER
0.1000000000000E-04,0.1431651E-09
0.3000000000000E-04,0.1001455E-08
0.7000000000000E-04,0.5000151E-08
0.1500000000000E-03,0.2208042E-07
0.3100000000000E-03,0.9221084E-07
0.6300000000000E-03,0.3673171E-06
0.1270000000000E-02,0.1411398E-05
0.2550000000000E-02,0.5134671E-05
0.5110000000000E-02,0.1674898E-04
0.1023000000000E-01,0.5233943E-04
0.2047000000000E-01,0.2218553E-03
0.4095000000000E-01,0.1213297E-02
0.8191000000000E-01,0.7165069E-02
0.1638300000000,0.4549460E-01
0.3276700000000,0.2752601
0.6553500000000,1.007413
1.310710000000,1.891625
2.621430000000,2.212637
5.242870000000,2.181750
10.48575000000,2.246483
20.97151000000,2.881141
41.94303000000,0.7279374E+28
50.33163800000,0.4945198E+28
53.68708120000,0.3742770E+28
60.39796760000,0.2113098E+28
63.08232216000,0.1579166E+28
68.45103128000,0.9200329E+27
79.18844952000,0.3634238E+27
80.04744297920,0.3208817E+27
81.76542989760,0.2569649E+27
85.20140373440,0.1694996E+27
92.07335140800,0.8265913E+26
105.8172467552,0.2631030E+26
133.3050374496,0.4945303E+25
144.3001537274,0.1780488E+25
166.2903862829,0.3945322E+24
210.2708513939,0.5030971E+23
210.9745388357,0.4502440E+23
212.3819137192,0.3665370E+23
212.9448636727,0.3361057E+23
213.1700436540,0.3243592E+23
213.6204036168,0.3023144E+23
214.5211235423,0.2638281E+23
214.8814115124,0.2493776E+23
215.0255267005,0.2437304E+23
215.3137570767,0.2328730E+23
215.8902178290,0.2129978E+23
217.0431393336,0.1795159E+23
217.5043079354,0.1671354E+23
218.4266451391,0.1454518E+23
220.2713195465,0.1121941E+23
223.9606683612,0.7045815E+22
231.3393659907,0.3235098E+22
234.2908450425,0.2196671E+22
235.4714366632,0.1845932E+22
237.8326199046,0.1340674E+22
242.5549863875,0.7651015E+21
251.9997193533,0.3068697E+21
270.8891852847,0.7779351E+20
278.4449716573,0.3558066E+20
278.5658642393,0.3490904E+20
278.8076494032,0.3362417E+20
279.2912197311,0.3124040E+20
280.2583603868,0.2710647E+20
282.1926416981,0.2077612E+20
286.0612043209,0.1294321E+20
287.6086293700,0.1040820E+20
288.2275993896,0.9488880E+19
289.4655394289,0.7944671E+19
291.9414195075,0.5728464E+19
292.9317715389,0.4957672E+19
294.9124756018,0.3783667E+19
295.7047572269,0.3367476E+19
297.2893204772,0.2698428E+19
297.4160855372,0.2646727E+19
297.6696156573,0.2545984E+19
298.1766758974,0.2358898E+19
299.1907963776,0.2036019E+19
299.5964445696,0.1914954E+19
300.4077409538,0.1699500E+19
302.0303337221,0.1355914E+19
305.2755192587,0.9015777E+18
311.7658903318,0.4497951E+18
314.3620387611,0.3206920E+18
319.5543356196,0.1779897E+18
329.9389293367,0.6867640E+17
350.7081167708,0.1658304E+17
359.0157917445,0.7326448E+16
359.1487145441,0.7179433E+16
359.4145601432,0.6899006E+16
359.5208983829,0.6788942E+16
359.7335748622,0.6575526E+16
359.8186454539,0.6491379E+16
359.9887866374,0.6327137E+16
360.0023979321,0.6314066E+16
360.0296205214,0.6288000E+16
360.0840657001,0.6236236E+16
360.1929560576,0.6134328E+16
360.2365122005,0.6093875E+16
360.3236244865,0.6013964E+16
360.4978490583,0.5858232E+16
360.8462982020,0.5562507E+16
360.8741741335,0.5539069E+16
360.9299259965,0.5492465E+16
361.0414297225,0.5400664E+16
361.2644371745,0.5223005E+16
361.7104520785,0.4890335E+16
361.7118793262,0.4889281E+16
361.7147338216,0.4887173E+16
361.7158756197,0.4886330E+16
361.7181592160,0.4884644E+16
361.7227264086,0.4881271E+16
361.7230917841,0.4881002E+16
361.7232379342,0.4880894E+16
361.7235302345,0.4880678E+16
361.7235536186,0.4880661E+16
361.7236003866,0.4880626E+16
361.7236939227,0.4880557E+16
361.7236942220,0.4880557E+16
361.7236942268,0.4880557E+16
361.7236942272,0.4880557E+16
361.7236942274,0.4880557E+16
361.7236942277,0.4880557E+16
361.7236942278,0.4880557E+16
361.7236942279,0.4880557E+16
361.7236942281,0.4880557E+16
361.7236942285,0.4880557E+16
361.7236942287,0.4880557E+16
361.7236942291,0.4880557E+16
361.7236942299,0.4880557E+16
361.7236942303,0.4880557E+16
361.7236942309,0.4880557E+16
361.7236942311,0.4880557E+16
361.7236942317,0.4880557E+16
361.7236942319,0.4880557E+16
361.7236942320,0.4880557E+16
361.7236942321,0.4880557E+16
361.7236942323,0.4880557E+16
361.7236942324,0.4880557E+16
361.7236942325,0.4880557E+16
361.7236942327,0.4880557E+16
361.7236942328,0.4880557E+16
361.7236942330,0.4880557E+16
361.7236942331,0.4880557E+16
361.7236942332,0.4880557E+16
361.7236942333,0.4880557E+16
361.7236942334,0.4880557E+16
361.7236942336,0.4880557E+16
361.7236942337,0.4880557E+16
361.7236942338,0.4880557E+16
361.7236942339,0.4880557E+16
361.7236942340,0.4880557E+16
361.7236942341,0.4880557E+16
361.7236942342,0.4880557E+16
361.7236942344,0.4880557E+16
361.7236942345,0.4880557E+16
361.7236942347,0.4880557E+16
361.7236942351,0.4880557E+16
361.7236942353,0.4880557E+16
361.7236942357,0.4880557E+16
361.7236942359,0.4880557E+16
361.7236942360,0.4880557E+16
361.7236942362,0.4880557E+16
361.7236942366,0.4880557E+16
361.7236942367,0.4880557E+16
361.7236942368,0.4880557E+16
361.7236942370,0.4880557E+16
361.7236942374,0.4880557E+16
361.7236942376,0.4880557E+16
361.7236942380,0.4880557E+16
361.7236942382,0.4880557E+16
361.7236942386,0.4880557E+16
361.7236942388,0.4880557E+16
361.7236942389,0.4880557E+16
361.7236942390,0.4880557E+16
361.7236942391,0.4880557E+16
361.7236942392,0.4880557E+16
361.7236942393,0.4880557E+16
361.7236942394,0.4880557E+16
361.7236942396,0.4880557E+16
361.7236942397,0.4880557E+16
361.7236942399,0.4880557E+16
361.7236942400,0.4880557E+16
361.7236942401,0.4880557E+16
361.7236942403,0.4880557E+16
361.7236942404,0.4880557E+16
361.7236942405,0.4880557E+16
361.7236942406,0.4880557E+16
361.7236942408,0.4880557E+16
361.7236942409,0.4880557E+16
361.7236942411,0.4880557E+16
361.7236942415,0.4880557E+16
361.7236942417,0.4880557E+16
361.7236942421,0.4880557E+16
361.7236942423,0.4880557E+16
361.7236942426,0.4880557E+16
361.7236942428,0.4880557E+16
361.7236942431,0.4880557E+16
361.7236942437,0.4880557E+16
361.7236942440,0.4880557E+16
361.7236942441,0.4880557E+16
361.7236942444,0.4880557E+16
361.7236942445,0.4880557E+16
361.7236942448,0.4880557E+16
361.7236942449,0.4880557E+16
361.7236942451,0.4880557E+16
361.7236942452,0.4880557E+16
361.7236942454,0.4880557E+16
361.7236942455,0.4880557E+16
361.7236942456,0.4880557E+16
361.7236942457,0.4880557E+16
361.7236942459,0.4880557E+16
361.7236942463,0.4880557E+16
361.7236942465,0.4880557E+16
361.7236942466,0.4880557E+16
361.7236942468,0.4880557E+16
361.7236942469,0.4880557E+16
361.7236942471,0.4880557E+16
361.7236942472,0.4880557E+16
361.7236942473,0.4880557E+16
361.7236942474,0.4880557E+16
361.7236942476,0.4880557E+16
361.7236942480,0.4880557E+16
361.7236942482,0.4880557E+16
361.7236942483,0.4880557E+16
361.7236942484,0.4880557E+16
361.7236942485,0.4880557E+16
361.7236942486,0.4880557E+16
361.7236942488,0.4880557E+16
361.7236942489,0.4880557E+16
361.7236942491,0.4880557E+16
361.7236942495,0.4880557E+16
361.7236942497,0.4880557E+16
361.7236942498,0.4880557E+16
361.7236942499,0.4880557E+16
361.7236942501,0.4880557E+16
361.7236942502,0.4880557E+16
361.7236942503,0.4880557E+16
361.7236942504,0.4880557E+16
361.7236942505,0.4880557E+16
361.7236942507,0.4880557E+16
361.7236942508,0.4880557E+16
361.7236942510,0.4880557E+16
361.7236942511,0.4880557E+16
361.7236942513,0.4880557E+16
361.7236942514,0.4880557E+16
361.7236942515,0.4880557E+16
361.7236942516,0.4880557E+16
361.7236942517,0.4880557E+16
361.7236942518,0.4880557E+16
361.7236942520,0.4880557E+16
361.7236942524,0.4880557E+16
361.7236942526,0.4880557E+16
361.7236942527,0.4880557E+16
361.7236942528,0.4880557E+16
361.7236942529,0.4880557E+16
361.7236942531,0.4880557E+16
361.7236942535,0.4880557E+16
361.7236942537,0.4880557E+16
361.7236942538,0.4880557E+16
361.7236942539,0.4880557E+16
361.7236942541,0.4880557E+16
361.7236942542,0.4880557E+16
361.7236942543,0.4880557E+16
361.7236942544,0.4880557E+16
361.7236942545,0.4880557E+16
361.7236942546,0.4880557E+16
361.7236942548,0.4880557E+16
361.7236942549,0.4880557E+16
361.7236942551,0.4880557E+16
361.7236942555,0.4880557E+16
361.7236942557,0.4880557E+16
361.7236942558,0.4880557E+16
361.7236942560,0.4880557E+16
361.7236942561,0.4880557E+16
361.7236942562,0.4880557E+16
361.7236942564,0.4880557E+16
361.7236942565,0.4880557E+16
361.7236942566,0.4880557E+16
361.7236942567,0.4880557E+16
361.7236942569,0.4880557E+16
361.7236942570,0.4880557E+16
361.7236942571,0.4880557E+16
361.7236942572,0.4880557E+16
361.7236942574,0.4880557E+16
361.7236942575,0.4880557E+16
361.7236942576,0.4880557E+16
361.7236942577,0.4880557E+16
361.7236942578,0.4880557E+16
361.7236942580,0.4880557E+16
361.7236942584,0.4880557E+16
361.7236942592,0.4880557E+16
361.7236942608,0.4880557E+16
361.7236942640,0.4880557E+16
361.7236942642,0.4880557E+16
361.7236942643,0.4880557E+16
361.7236942646,0.4880557E+16
361.7236942647,0.4880557E+16
361.7236942650,0.4880557E+16
361.7236942655,0.4880557E+16
361.7236942665,0.4880557E+16
361.7236942686,0.4880557E+16
361.7236942727,0.4880557E+16
361.7236942809,0.4880557E+16
361.7236942972,0.4880557E+16
361.7236943300,0.4880557E+16
361.7236943955,0.4880557E+16
361.7236945266,0.4880557E+16
361.7236945790,0.4880557E+16
361.7236945832,0.4880557E+16
361.7236945916,0.4880557E+16
361.7236946084,0.4880557E+16
361.7236946420,0.4880556E+16
361.7236946554,0.4880556E+16
361.7236946565,0.4880556E+16
361.7236946586,0.4880556E+16
361.7236946629,0.4880556E+16
361.7236946715,0.4880556E+16
361.7236946887,0.4880556E+16
361.7236947230,0.4880556E+16
361.7236947917,0.4880556E+16
361.7236949292,0.4880556E+16
361.7236949842,0.4880556E+16
361.7236950062,0.4880556E+16
361.7236950150,0.4880556E+16
361.7236950325,0.4880556E+16
361.7236950340,0.4880556E+16
361.7236950345,0.4880556E+16
361.7236950356,0.4880556E+16
361.7236950379,0.4880556E+16
361.7236950424,0.4880556E+16
361.7236950442,0.4880556E+16
361.7236950443,0.4880556E+16
361.7236950446,0.4880556E+16
361.7236950447,0.4880556E+16
361.7236950448,0.4880556E+16
361.7236950449,0.4880556E+16
361.7236950450,0.4880556E+16
361.7236950452,0.4880556E+16
361.7236950456,0.4880556E+16
361.7236950458,0.4880556E+16
361.7236950462,0.4880556E+16
361.7236950464,0.4880556E+16
361.7236950468,0.4880556E+16
361.7236950470,0.4880556E+16
361.7236950471,0.4880556E+16
361.7236950473,0.4880556E+16
361.7236950474,0.4880556E+16
361.7236950476,0.4880556E+16
361.7236950480,0.4880556E+16
361.7236950488,0.4880556E+16
361.7236950492,0.4880556E+16
361.7236950493,0.4880556E+16
361.7236950494,0.4880556E+16
361.7236950496,0.4880556E+16
361.7236950497,0.4880556E+16
361.7236950498,0.4880556E+16
361.7236950499,0.4880556E+16
361.7236950500,0.4880556E+16
361.7236950502,0.4880556E+16
361.7236950503,0.4880556E+16
361.7236950504,0.4880556E+16
361.7236950506,0.4880556E+16
361.7236950507,0.4880556E+16
361.7236950509,0.4880556E+16
361.7236950510,0.4880556E+16
361.7236950511,0.4880556E+16
361.7236950513,0.4880556E+16
361.7236950514,0.4880556E+16
361.7236950515,0.4880556E+16
361.7236950516,0.4880556E+16
361.7236950518,0.4880556E+16
361.7236950519,0.4880556E+16
361.7236950520,0.4880556E+16
361.7236950521,0.4880556E+16
361.7236950522,0.4880556E+16
361.7236950524,0.4880556E+16
361.7236950525,0.4880556E+16
361.7236950527,0.4880556E+16
361.7236950531,0.4880556E+16
361.7236950533,0.4880556E+16
361.7236950537,0.4880556E+16
361.7236950539,0.4880556E+16
361.7236950540,0.4880556E+16
361.7236950541,0.4880556E+16
361.7236950542,0.4880556E+16
361.7236950543,0.4880556E+16
361.7236950544,0.4880556E+16
361.7236950546,0.4880556E+16
361.7236950547,0.4880556E+16
361.7236950549,0.4880556E+16
361.7236950550,0.4880556E+16
361.7236950551,0.4880556E+16
361.7236950552,0.4880556E+16
361.7236950553,0.4880556E+16
361.7236950554,0.4880556E+16
361.7236950555,0.4880556E+16
361.7236950556,0.4880556E+16
361.7236950557,0.4880556E+16
361.7236950558,0.4880556E+16
361.7236950559,0.4880556E+16
361.7236950561,0.4880556E+16
361.7236950562,0.4880556E+16
361.7236950563,0.4880556E+16
361.7236950565,0.4880556E+16
361.7236950569,0.4880556E+16
361.7236950577,0.4880556E+16
361.7236950580,0.4880556E+16
361.7236950582,0.4880556E+16
361.7236950583,0.4880556E+16
361.7236950584,0.4880556E+16
361.7236950585,0.4880556E+16
361.7236950586,0.4880556E+16
361.7236950587,0.4880556E+16
361.7236950588,0.4880556E+16
361.7236950589,0.4880556E+16
361.7236950590,0.4880556E+16
361.7236950591,0.4880556E+16
361.7236950593,0.4880556E+16
361.7236950594,0.4880556E+16
361.7236950595,0.4880556E+16
361.7236950596,0.4880556E+16
361.7236950597,0.4880556E+16
361.7236950599,0.4880556E+16
361.7236950600,0.4880556E+16
361.7236950602,0.4880556E+16
361.7236950603,0.4880556E+16
361.7236950604,0.4880556E+16
361.7236950605,0.4880556E+16
361.7236950606,0.4880556E+16
361.7236950608,0.4880556E+16
361.7236950609,0.4880556E+16
361.7236950610,0.4880556E+16
361.7236950612,0.4880556E+16
361.7236950613,0.4880556E+16
361.7236950615,0.4880556E+16
361.7236950619,0.4880556E+16
361.7236950620,0.4880556E+16
361.7236950621,0.4880556E+16
361.7236950622,0.4880556E+16
361.7236950624,0.4880556E+16
361.7236950625,0.4880556E+16
361.7236950626,0.4880556E+16
361.7236950628,0.4880556E+16
361.7236950629,0.4880556E+16
361.7236950630,0.4880556E+16
361.7236950632,0.4880556E+16
361.7236950636,0.4880556E+16
361.7236950638,0.4880556E+16
361.7236950642,0.4880556E+16
361.7236950644,0.4880556E+16
361.7236950648,0.4880556E+16
361.7236950650,0.4880556E+16
361.7236950654,0.4880556E+16
361.7236950656,0.4880556E+16
361.7236950659,0.4880556E+16
361.7236950660,0.4880556E+16
361.7236950661,0.4880556E+16
361.7236950662,0.4880556E+16
361.7236950663,0.4880556E+16
361.7236950664,0.4880556E+16
361.7236950665,0.4880556E+16
361.7236950666,0.4880556E+16
361.7236950668,0.4880556E+16
361.7236950669,0.4880556E+16
361.7236950670,0.4880556E+16
361.7236950672,0.4880556E+16
361.7236950676,0.4880556E+16
361.7236950678,0.4880556E+16
361.7236950682,0.4880556E+16
361.7236950684,0.4880556E+16
361.7236950685,0.4880556E+16
361.7236950686,0.4880556E+16
361.7236950688,0.4880556E+16
361.7236950689,0.4880556E+16
361.7236950691,0.4880556E+16
361.7236950692,0.4880556E+16
361.7236950694,0.4880556E+16
361.7236950695,0.4880556E+16
361.7236950696,0.4880556E+16
361.7236950698,0.4880556E+16
361.7236950699,0.4880556E+16
361.7236950700,0.4880556E+16
361.7236950701,0.4880556E+16
361.7236950702,0.4880556E+16
361.7236950703,0.4880556E+16
361.7236950704,0.4880556E+16
361.7236950705,0.4880556E+16
361.7236950707,0.4880556E+16
361.7236950708,0.4880556E+16
361.7236950709,0.4880556E+16
361.7236950711,0.4880556E+16
361.7236950712,0.4880556E+16
361.7236950714,0.4880556E+16
361.7236950715,0.4880556E+16
361.7236950716,0.4880556E+16
361.7236950717,0.4880556E+16
361.7236950718,0.4880556E+16
361.7236950719,0.4880556E+16
361.7236950720,0.4880556E+16
361.7236950722,0.4880556E+16
361.7236950723,0.4880556E+16
361.7236950724,0.4880556E+16
361.7236950725,0.4880556E+16
361.7236950727,0.4880556E+16
361.7236950731,0.4880556E+16
361.7236950733,0.4880556E+16
361.7236950734,0.4880556E+16
361.7236950736,0.4880556E+16
361.7236950737,0.4880556E+16
361.7236950739,0.4880556E+16
361.7236950740,0.4880556E+16
361.7236950741,0.4880556E+16
361.7236950743,0.4880556E+16
361.7236950744,0.4880556E+16
361.7236950745,0.4880556E+16
361.7236950747,0.4880556E+16
361.7236950751,0.4880556E+16
361.7236950752,0.4880556E+16
361.7236950753,0.4880556E+16
361.7236950755,0.4880556E+16
361.7236950756,0.4880556E+16
361.7236950758,0.4880556E+16
361.7236950759,0.4880556E+16
361.7236950761,0.4880556E+16
361.7236950762,0.4880556E+16
361.7236950764,0.4880556E+16
361.7236950765,0.4880556E+16
361.7236950767,0.4880556E+16
361.7236950768,0.4880556E+16
361.7236950769,0.4880556E+16
361.7236950770,0.4880556E+16
361.7236950772,0.4880556E+16
361.7236950773,0.4880556E+16
361.7236950775,0.4880556E+16
361.7236950776,0.4880556E+16
361.7236950778,0.4880556E+16
361.7236950779,0.4880556E+16
361.7236950780,0.4880556E+16
361.7236950782,0.4880556E+16
361.7236950783,0.4880556E+16
361.7236950785,0.4880556E+16
361.7236950789,0.4880556E+16
361.7236950791,0.4880556E+16
361.7236950795,0.4880556E+16
361.7236950797,0.4880556E+16
361.7236950798,0.4880556E+16
361.7236950799,0.4880556E+16
361.7236950800,0.4880556E+16
361.7236950802,0.4880556E+16
361.7236950803,0.4880556E+16
361.7236950804,0.4880556E+16
361.7236950806,0.4880556E+16
361.7236950807,0.4880556E+16
361.7236950809,0.4880556E+16
361.7236950810,0.4880556E+16
361.7236950812,0.4880556E+16
361.7236950816,0.4880556E+16
361.7236950818,0.4880556E+16
361.7236950819,0.4880556E+16
361.7236950820,0.4880556E+16
361.7236950821,0.4880556E+16
361.7236950822,0.4880556E+16
361.7236950824,0.4880556E+16
361.7236950825,0.4880556E+16
361.7236950827,0.4880556E+16
361.7236950828,0.4880556E+16
361.7236950830,0.4880556E+16
361.7236950831,0.4880556E+16
361.7236950833,0.4880556E+16
361.7236950837,0.4880556E+16
361.7236950838,0.4880556E+16
361.7236950839,0.4880556E+16
361.7236950841,0.4880556E+16
361.7236950845,0.4880556E+16
361.7236950847,0.4880556E+16
361.7236950848,0.4880556E+16
361.7236950850,0.4880556E+16
361.7236950851,0.4880556E+16
361.7236950853,0.4880556E+16
361.7236950854,0.4880556E+16
361.7236950855,0.4880556E+16
361.7236950856,0.4880556E+16
361.7236950858,0.4880556E+16
361.7236950859,0.4880556E+16
361.7236950861,0.4880556E+16
361.7236950865,0.4880556E+16
361.7236950867,0.4880556E+16
361.7236950868,0.4880556E+16
361.7236950869,0.4880556E+16
361.7236950871,0.4880556E+16
361.7236950872,0.4880556E+16
361.7236950873,0.4880556E+16
361.7236950875,0.4880556E+16
361.7236950876,0.4880556E+16
361.7236950877,0.4880556E+16
361.7236950879,0.4880556E+16
361.7236950883,0.4880556E+16
361.7236950885,0.4880556E+16
361.7236950886,0.4880556E+16
361.7236950887,0.4880556E+16
361.7236950888,0.4880556E+16
361.7236950889,0.4880556E+16
361.7236950890,0.4880556E+16
361.7236950891,0.4880556E+16
361.7236950892,0.4880556E+16
361.7236950893,0.4880556E+16
361.7236950895,0.4880556E+16
361.7236950899,0.4880556E+16
361.7236950901,0.4880556E+16
361.7236950905,0.4880556E+16
361.7236950907,0.4880556E+16
361.7236950908,0.4880556E+16
361.7236950910,0.4880556E+16
361.7236950911,0.4880556E+16
361.7236950913,0.4880556E+16
361.7236950917,0.4880556E+16
361.7236950919,0.4880556E+16
361.7236950922,0.4880556E+16
361.7236950928,0.4880556E+16
361.7236950941,0.4880556E+16
361.7236950967,0.4880556E+16
361.7236951018,0.4880556E+16
361.7236951120,0.4880556E+16
361.7236951161,0.4880556E+16
361.7236951243,0.4880556E+16
361.7236951244,0.4880556E+16
361.7236951245,0.4880556E+16
361.7236951247,0.4880556E+16
361.7236951251,0.4880556E+16
361.7236951253,0.4880556E+16
361.7236951254,0.4880556E+16
361.7236951256,0.4880556E+16
361.7236951260,0.4880556E+16
361.7236951262,0.4880556E+16
361.7236951263,0.4880556E+16
361.7236951264,0.4880556E+16
361.7236951265,0.4880556E+16
361.7236951266,0.4880556E+16
361.7236951268,0.4880556E+16
361.7236951272,0.4880556E+16
361.7236951274,0.4880556E+16
361.7236951275,0.4880556E+16
361.7236951277,0.4880556E+16
361.7236951281,0.4880556E+16
361.7236951283,0.4880556E+16
361.7236951287,0.4880556E+16
361.7236951289,0.4880556E+16
361.7236951290,0.4880556E+16
361.7236951291,0.4880556E+16
361.7236951292,0.4880556E+16
361.7236951293,0.4880556E+16
361.7236951294,0.4880556E+16
361.7236951295,0.4880556E+16
361.7236951297,0.4880556E+16
361.7236951301,0.4880556E+16
361.7236951303,0.4880556E+16
361.7236951307,0.4880556E+16
361.7236951309,0.4880556E+16
361.7236951310,0.4880556E+16
361.7236951311,0.4880556E+16
361.7236951313,0.4880556E+16
361.7236951314,0.4880556E+16
361.7236951316,0.4880556E+16
361.7236951320,0.4880556E+16
361.7236951322,0.4880556E+16
361.7236951326,0.4880556E+16
361.7236951328,0.4880556E+16
361.7236951329,0.4880556E+16
361.7236951331,0.4880556E+16
361.7236951332,0.4880556E+16
361.7236951333,0.4880556E+16
361.7236951335,0.4880556E+16
361.7236951339,0.4880556E+16
361.7236951347,0.4880556E+16
361.7236951350,0.4880556E+16
361.7236951357,0.4880556E+16
361.7236951359,0.4880556E+16
361.7236951360,0.4880556E+16
361.7236951361,0.4880556E+16
361.7236951363,0.4880556E+16
361.7236951367,0.4880556E+16
361.7236951369,0.4880556E+16
361.7236951373,0.4880556E+16
361.7236951375,0.4880556E+16
361.7236951379,0.4880556E+16
361.7236951387,0.4880556E+16
361.7236951391,0.4880556E+16
361.7236951392,0.4880556E+16
361.7236951393,0.4880556E+16
361.7236951394,0.4880556E+16
361.7236951395,0.4880556E+16
361.7236951396,0.4880556E+16
361.7236951398,0.4880556E+16
361.7236951399,0.4880556E+16
361.7236951400,0.4880556E+16
361.7236951401,0.4880556E+16
361.7236951402,0.4880556E+16
361.7236951403,0.4880556E+16
361.7236951405,0.4880556E+16
361.7236951406,0.4880556E+16
361.7236951408,0.4880556E+16
361.7236951412,0.4880556E+16
361.7236951414,0.4880556E+16
361.7236951415,0.4880556E+16
361.7236951416,0.4880556E+16
361.7236951417,0.4880556E+16
361.7236951419,0.4880556E+16
361.7236951420,0.4880556E+16
361.7236951422,0.4880556E+16
361.7236951423,0.4880556E+16
361.7236951425,0.4880556E+16
361.7236951426,0.4880556E+16
361.7236951428,0.4880556E+16
361.7236951429,0.4880556E+16
361.7236951431,0.4880556E+16
361.7236951435,0.4880556E+16
361.7236951437,0.4880556E+16
361.7236951441,0.4880556E+16
361.7236951443,0.4880556E+16
361.7236951447,0.4880556E+16
361.7236951449,0.4880556E+16
361.7236951453,0.4880556E+16
361.7236951455,0.4880556E+16
361.7236951458,0.4880556E+16
361.7236951460,0.4880556E+16
361.7236951461,0.4880556E+16
361.7236951463,0.4880556E+16
361.7236951467,0.4880556E+16
361.7236951469,0.4880556E+16
361.7236951473,0.4880556E+16
361.7236951481,0.4880556E+16
361.7236951484,0.4880556E+16
361.7236951485,0.4880556E+16
361.7236951486,0.4880556E+16
361.7236951488,0.4880556E+16
361.7236951489,0.4880556E+16
361.7236951491,0.4880556E+16
361.7236951495,0.4880556E+16
361.7236951497,0.4880556E+16
361.7236951501,0.4880556E+16
361.7236951509,0.4880556E+16
361.7236951513,0.4880556E+16
361.7236951514,0.4880556E+16
361.7236951516,0.4880556E+16
361.7236951518,0.4880556E+16
361.7236951520,0.4880556E+16
361.7236951521,0.4880556E+16
361.7236951523,0.4880556E+16
361.7236951527,0.4880556E+16
361.7236951529,0.4880556E+16
361.7236951532,0.4880556E+16
361.7236951534,0.4880556E+16
361.7236951535,0.4880556E+16
361.7236951536,0.4880556E+16
361.7236951537,0.4880556E+16
361.7236951539,0.4880556E+16
361.7236951543,0.4880556E+16
361.7236951545,0.4880556E+16
361.7236951546,0.4880556E+16
361.7236951548,0.4880556E+16
361.7236951552,0.4880556E+16
361.7236951554,0.4880556E+16
361.7236951555,0.4880556E+16
361.7236951556,0.4880556E+16
361.7236951558,0.4880556E+16
361.7236951559,0.4880556E+16
361.7236951560,0.4880556E+16
361.7236951562,0.4880556E+16
361.7236951563,0.4880556E+16
361.7236951565,0.4880556E+16
361.7236951569,0.4880556E+16
361.7236951577,0.4880556E+16
361.7236951593,0.4880556E+16
361.7236951625,0.4880556E+16
361.7236951627,0.4880556E+16
361.7236951632,0.4880556E+16
361.7236951643,0.4880556E+16
361.7236951663,0.4880556E+16
361.7236951671,0.4880556E+16
361.7236951675,0.4880556E+16
361.7236951681,0.4880556E+16
361.7236951684,0.4880556E+16
361.7236951689,0.4880556E+16
361.7236951691,0.4880556E+16
361.7236951692,0.4880556E+16
361.7236951693,0.4880556E+16
361.7236951694,0.4880556E+16
361.7236951696,0.4880556E+16
361.7236951697,0.4880556E+16
361.7236951698,0.4880556E+16
361.7236951700,0.4880556E+16
361.7236951704,0.4880556E+16
361.7236951706,0.4880556E+16
361.7236951707,0.4880556E+16
361.7236951709,0.4880556E+16
361.7236951710,0.4880556E+16
361.7236951712,0.4880556E+16
361.7236951716,0.4880556E+16
361.7236951718,0.4880556E+16
361.7236951719,0.4880556E+16
361.7236951720,0.4880556E+16
361.7236951721,0.4880556E+16
361.7236951722,0.4880556E+16
361.7236951723,0.4880556E+16
361.7236951724,0.4880556E+16
361.7236951725,0.4880556E+16
361.7236951726,0.4880556E+16
361.7236951727,0.4880556E+16
361.7236951728,0.4880556E+16
361.7236951729,0.4880556E+16
361.7236951730,0.4880556E+16
361.7236951732,0.4880556E+16
361.7236951733,0.4880556E+16
361.7236951734,0.4880556E+16
361.7236951736,0.4880556E+16
361.7236951740,0.4880556E+16
361.7236951741,0.4880556E+16
361.7236951742,0.4880556E+16
361.7236951743,0.4880556E+16
361.7236951745,0.4880556E+16
361.7236951749,0.4880556E+16
361.7236951751,0.4880556E+16
361.7236951755,0.4880556E+16
361.7236951757,0.4880556E+16
361.7236951761,0.4880556E+16
361.7236951763,0.4880556E+16
361.7236951764,0.4880556E+16
361.7236951765,0.4880556E+16
361.7236951767,0.4880556E+16
361.7236951768,0.4880556E+16
361.7236951770,0.4880556E+16
361.7236951771,0.4880556E+16
361.7236951772,0.4880556E+16
361.7236951773,0.4880556E+16
361.7236951775,0.4880556E+16
361.7236951776,0.4880556E+16
361.7236951777,0.4880556E+16
361.7236951778,0.4880556E+16
361.7236951779,0.4880556E+16
361.7236951781,0.4880556E+16
361.7236951785,0.4880556E+16
361.7236951787,0.4880556E+16
361.7236951788,0.4880556E+16
361.7236951789,0.4880556E+16
361.7236951791,0.4880556E+16
361.7236951792,0.4880556E+16
361.7236951793,0.4880556E+16
361.7236951794,0.4880556E+16
361.7236951795,0.4880556E+16
361.7236951796,0.4880556E+16
361.7236951797,0.4880556E+16
361.7236951799,0.4880556E+16
361.7236951800,0.4880556E+16
361.7236951802,0.4880556E+16
361.7236951806,0.4880556E+16
361.7236951808,0.4880556E+16
361.7236951812,0.4880556E+16
361.7236951814,0.4880556E+16
361.7236951818,0.4880556E+16
361.7236951820,0.4880556E+16
361.7236951821,0.4880556E+16
361.7236951823,0.4880556E+16
361.7236951827,0.4880556E+16
361.7236951829,0.4880556E+16
361.7236951832,0.4880556E+16
361.7236951838,0.4880556E+16
361.7236951841,0.4880556E+16
361.7236951842,0.4880556E+16
361.7236951843,0.4880556E+16
361.7236951844,0.4880556E+16
361.7236951845,0.4880556E+16
361.7236951846,0.4880556E+16
361.7236951848,0.4880556E+16
361.7236951849,0.4880556E+16
361.7236951851,0.4880556E+16
361.7236951852,0.4880556E+16
361.7236951853,0.4880556E+16
361.7236951854,0.4880556E+16
361.7236951856,0.4880556E+16
361.7236951860,0.4880556E+16
361.7236951862,0.4880556E+16
361.7236951863,0.4880556E+16
361.7236951864,0.4880556E+16
361.7236951865,0.4880556E+16
361.7236951867,0.4880556E+16
361.7236951868,0.4880556E+16
361.7236951869,0.4880556E+16
361.7236951871,0.4880556E+16
361.7236951875,0.4880556E+16
361.7236951877,0.4880556E+16
361.7236951880,0.4880556E+16
361.7236951886,0.4880556E+16
361.7236951899,0.4880556E+16
361.7236951900,0.4880556E+16
361.7236951901,0.4880556E+16
361.7236951902,0.4880556E+16
361.7236951903,0.4880556E+16
361.7236951904,0.4880556E+16
361.7236951905,0.4880556E+16
361.7236951907,0.4880556E+16
361.7236951908,0.4880556E+16
361.7236951909,0.4880556E+16
361.7236951911,0.4880556E+16
361.7236951915,0.4880556E+16
361.7236951917,0.4880556E+16
361.7236951918,0.4880556E+16
361.7236951920,0.4880556E+16
361.7236951924,0.4880556E+16
361.7236951926,0.4880556E+16
361.7236951930,0.4880556E+16
361.7236951932,0.4880556E+16
361.7236951933,0.4880556E+16
361.7236951934,0.4880556E+16
361.7236951935,0.4880556E+16
361.7236951937,0.4880556E+16
361.7236951941,0.4880556E+16
361.7236951943,0.4880556E+16
361.7236951944,0.4880556E+16
361.7236951945,0.4880556E+16
361.7236951947,0.4880556E+16
361.7236951951,0.4880556E+16
361.7236951953,0.4880556E+16
361.7236951957,0.4880556E+16
361.7236951965,0.4880556E+16
361.7236951981,0.4880556E+16
361.7236952013,0.4880556E+16
361.7236952015,0.4880556E+16
361.7236952017,0.4880556E+16
361.7236952018,0.4880556E+16
361.7236952020,0.4880556E+16
361.7236952021,0.4880556E+16
361.7236952023,0.4880556E+16
361.7236952024,0.4880556E+16
361.7236952026,0.4880556E+16
361.7236952027,0.4880556E+16
361.7236952028,0.4880556E+16
361.7236952030,0.4880556E+16
361.7236952034,0.4880556E+16
361.7236952035,0.4880556E+16
361.7236952038,0.4880556E+16
361.7236952040,0.4880556E+16
361.7236952042,0.4880556E+16
361.7236952043,0.4880556E+16
361.7236952044,0.4880556E+16
361.7236952045,0.4880556E+16
361.7236952047,0.4880556E+16
361.7236952048,0.4880556E+16
361.7236952049,0.4880556E+16
361.7236952050,0.4880556E+16
361.7236952052,0.4880556E+16
361.7236952056,0.4880556E+16
361.7236952064,0.4880556E+16
361.7236952080,0.4880556E+16
361.7236952112,0.4880556E+16
361.7236952115,0.4880556E+16
361.7236952116,0.4880556E+16
361.7236952118,0.4880556E+16
361.7236952119,0.4880556E+16
361.7236952120,0.4880556E+16
361.7236952121,0.4880556E+16
361.7236952123,0.4880556E+16
361.7236952124,0.4880556E+16
361.7236952126,0.4880556E+16
361.7236952127,0.4880556E+16
361.7236952129,0.4880556E+16
361.7236952130,0.4880556E+16
361.7236952132,0.4880556E+16
361.7236952136,0.4880556E+16
361.7236952138,0.4880556E+16
361.7236952139,0.4880556E+16
361.7236952140,0.4880556E+16
361.7236952142,0.4880556E+16
361.7236952143,0.4880556E+16
361.7236952144,0.4880556E+16
361.7236952145,0.4880556E+16
361.7236952147,0.4880556E+16
361.7236952148,0.4880556E+16
361.7236952149,0.4880556E+16
361.7236952151,0.4880556E+16
361.7236952155,0.4880556E+16
361.7236952157,0.4880556E+16
361.7236952161,0.4880556E+16
361.7236952162,0.4880556E+16
361.7236952163,0.4880556E+16
361.7236952165,0.4880556E+16
361.7236952166,0.4880556E+16
361.7236952167,0.4880556E+16
361.7236952169,0.4880556E+16
361.7236952173,0.4880556E+16
361.7236952175,0.4880556E+16
361.7236952179,0.4880556E+16
361.7236952187,0.4880556E+16
361.7236952190,0.4880556E+16
361.7236952197,0.4880556E+16
361.7236952199,0.4880556E+16
361.7236952200,0.4880556E+16
361.7236952203,0.4880556E+16
361.7236952207,0.4880556E+16
361.7236952209,0.4880556E+16
361.7236952210,0.4880556E+16
361.7236952211,0.4880556E+16
361.7236952212,0.4880556E+16
361.7236952213,0.4880556E+16
361.7236952215,0.4880556E+16
361.7236952219,0.4880556E+16
361.7236952221,0.4880556E+16
361.7236952222,0.4880556E+16
361.7236952224,0.4880556E+16
361.7236952228,0.4880556E+16
361.7236952230,0.4880556E+16
361.7236952231,0.4880556E+16
361.7236952232,0.4880556E+16
361.7236952233,0.4880556E+16
361.7236952234,0.4880556E+16
361.7236952236,0.4880556E+16
361.7236952237,0.4880556E+16
361.7236952238,0.4880556E+16
361.7236952239,0.4880556E+16
361.7236952240,0.4880556E+16
361.7236952241,0.4880556E+16
361.7236952242,0.4880556E+16
361.7236952243,0.4880556E+16
361.7236952244,0.4880556E+16
361.7236952245,0.4880556E+16
361.7236952246,0.4880556E+16
361.7236952247,0.4880556E+16
361.7236952249,0.4880556E+16
361.7236952253,0.4880556E+16
361.7236952254,0.4880556E+16
361.7236952255,0.4880556E+16
361.7236952256,0.4880556E+16
361.7236952257,0.4880556E+16
361.7236952258,0.4880556E+16
361.7236952259,0.4880556E+16
361.7236952260,0.4880556E+16
361.7236952261,0.4880556E+16
361.7236952263,0.4880556E+16
361.7236952267,0.4880556E+16
361.7236952269,0.4880556E+16
361.7236952270,0.4880556E+16
361.7236952271,0.4880556E+16
361.7236952273,0.4880556E+16
361.7236952274,0.4880556E+16
361.7236952276,0.4880556E+16
361.7236952280,0.4880556E+16
361.7236952288,0.4880556E+16
361.7236952291,0.4880556E+16
361.7236952293,0.4880556E+16
361.7236952294,0.4880556E+16
361.7236952296,0.4880556E+16
361.7236952300,0.4880556E+16
361.7236952302,0.4880556E+16
361.7236952303,0.4880556E+16
361.7236952304,0.4880556E+16
361.7236952305,0.4880556E+16
361.7236952306,0.4880556E+16
361.7236952307,0.4880556E+16
361.7236952308,0.4880556E+16
361.7236952309,0.4880556E+16
361.7236952311,0.4880556E+16
361.7236952315,0.4880556E+16
361.7236952323,0.4880556E+16
361.7236952326,0.4880556E+16
361.7236952328,0.4880556E+16
361.7236952331,0.4880556E+16
361.7236952333,0.4880556E+16
361.7236952334,0.4880556E+16
361.7236952335,0.4880556E+16
361.7236952337,0.4880556E+16
361.7236952338,0.4880556E+16
361.7236952339,0.4880556E+16
361.7236952340,0.4880556E+16
361.7236952342,0.4880556E+16
361.7236952343,0.4880556E+16
361.7236952345,0.4880556E+16
361.7236952349,0.4880556E+16
361.7236952350,0.4880556E+16
361.7236952351,0.4880556E+16
361.7236952352,0.4880556E+16
361.7236952354,0.4880556E+16
361.7236952358,0.4880556E+16
361.7236952360,0.4880556E+16
361.7236952361,0.4880556E+16
361.7236952363,0.4880556E+16
361.7236952367,0.4880556E+16
361.7236952369,0.4880556E+16
361.7236952370,0.4880556E+16
361.7236952372,0.4880556E+16
361.7236952376,0.4880556E+16
361.7236952378,0.4880556E+16
361.7236952382,0.4880556E+16
361.7236952384,0.4880556E+16
361.7236952385,0.4880556E+16
361.7236952386,0.4880556E+16
361.7236952388,0.4880556E+16
361.7236952392,0.4880556E+16
361.7236952394,0.4880556E+16
361.7236952395,0.4880556E+16
361.7236952397,0.4880556E+16
361.7236952401,0.4880556E+16
361.7236952403,0.4880556E+16
361.7236952407,0.4880556E+16
361.7236952409,0.4880556E+16
361.7236952413,0.4880556E+16
361.7236952415,0.4880556E+16
361.7236952416,0.4880556E+16
361.7236952418,0.4880556E+16
361.7236952419,0.4880556E+16
361.7236952420,0.4880556E+16
361.7236952422,0.4880556E+16
361.7236952423,0.4880556E+16
361.7236952424,0.4880556E+16
361.7236952425,0.4880556E+16
361.7236952426,0.4880556E+16
361.7236952427,0.4880556E+16
361.7236952429,0.4880556E+16
361.7236952430,0.4880556E+16
361.7236952432,0.4880556E+16
361.7236952433,0.4880556E+16
361.7236952434,0.4880556E+16
361.7236952436,0.4880556E+16
361.7236952440,0.4880556E+16
361.7236952442,0.4880556E+16
361.7236952446,0.4880556E+16
361.7236952454,0.4880556E+16
361.7236952470,0.4880556E+16
361.7236952471,0.4880556E+16
361.7236952474,0.4880556E+16
361.7236952475,0.4880556E+16
361.7236952476,0.4880556E+16
361.7236952477,0.4880556E+16
361.7236952479,0.4880556E+16
361.7236952480,0.4880556E+16
361.7236952481,0.4880556E+16
361.7236952482,0.4880556E+16
361.7236952484,0.4880556E+16
361.7236952488,0.4880556E+16
361.7236952490,0.4880556E+16
361.7236952491,0.4880556E+16
361.7236952492,0.4880556E+16
361.7236952494,0.4880556E+16
361.7236952498,0.4880556E+16
361.7236952500,0.4880556E+16
361.7236952504,0.4880556E+16
361.7236952506,0.4880556E+16
361.7236952510,0.4880556E+16
361.7236952511,0.4880556E+16
361.7236952512,0.4880556E+16
361.7236952513,0.4880556E+16
361.7236952515,0.4880556E+16
361.7236952519,0.4880556E+16
361.7236952521,0.4880556E+16
361.7236952525,0.4880556E+16
361.7236952527,0.4880556E+16
361.7236952531,0.4880556E+16
361.7236952533,0.4880556E+16
361.7236952534,0.4880556E+16
361.7236952536,0.4880556E+16
361.7236952537,0.4880556E+16
361.7236952538,0.4880556E+16
361.7236952539,0.4880556E+16
361.7236952540,0.4880556E+16
361.7236952541,0.4880556E+16
361.7236952543,0.4880556E+16
361.7236952544,0.4880556E+16
361.7236952545,0.4880556E+16
361.7236952546,0.4880556E+16
361.7236952548,0.4880556E+16
361.7236952552,0.4880556E+16
361.7236952554,0.4880556E+16
361.7236952555,0.4880556E+16
361.7236952557,0.4880556E+16
361.7236952561,0.4880556E+16
361.7236952563,0.4880556E+16
361.7236952564,0.4880556E+16
361.7236952565,0.4880556E+16
361.7236952566,0.4880556E+16
361.7236952567,0.4880556E+16
361.7236952568,0.4880556E+16
361.7236952569,0.4880556E+16
361.7236952570,0.4880556E+16
361.7236952571,0.4880556E+16
361.7236952572,0.4880556E+16
361.7236952573,0.4880556E+16
361.7236952574,0.4880556E+16
361.7236952575,0.4880556E+16
361.7236952577,0.4880556E+16
361.7236952578,0.4880556E+16
361.7236952579,0.4880556E+16
361.7236952580,0.4880556E+16
361.7236952581,0.4880556E+16
361.7236952582,0.4880556E+16
361.7236952583,0.4880556E+16
361.7236952584,0.4880556E+16
361.7236952585,0.4880556E+16
361.7236952587,0.4880556E+16
361.7236952588,0.4880556E+16
361.7236952589,0.4880556E+16
361.7236952590,0.4880556E+16
361.7236952592,0.4880556E+16
361.7236952593,0.4880556E+16
361.7236952595,0.4880556E+16
361.7236952596,0.4880556E+16
361.7236952597,0.4880556E+16
361.7236952599,0.4880556E+16
361.7236952603,0.4880556E+16
361.7236952604,0.4880556E+16
361.7236952605,0.4880556E+16
361.7236952607,0.4880556E+16
361.7236952611,0.4880556E+16
361.7236952613,0.4880556E+16
361.7236952614,0.4880556E+16
361.7236952615,0.4880556E+16
361.7236952616,0.4880556E+16
361.7236952618,0.4880556E+16
361.7236952619,0.4880556E+16
361.7236952620,0.4880556E+16
361.7236952621,0.4880556E+16
361.7236952622,0.4880556E+16
361.7236952624,0.4880556E+16
361.7236952625,0.4880556E+16
361.7236952626,0.4880556E+16
361.7236952627,0.4880556E+16
361.7236952629,0.4880556E+16
361.7236952630,0.4880556E+16
361.7236952632,0.4880556E+16
361.7236952633,0.4880556E+16
361.7236952634,0.4880556E+16
361.7236952635,0.4880556E+16
361.7236952636,0.4880556E+16
361.7236952638,0.4880556E+16
361.7236952642,0.4880556E+16
361.7236952644,0.4880556E+16
361.7236952645,0.4880556E+16
361.7236952647,0.4880556E+16
361.7236952648,0.4880556E+16
361.7236952650,0.4880556E+16
361.7236952651,0.4880556E+16
361.7236952652,0.4880556E+16
361.7236952654,0.4880556E+16
361.7236952658,0.4880556E+16
361.7236952666,0.4880556E+16
361.7236952670,0.4880556E+16
361.7236952671,0.4880556E+16
361.7236952672,0.4880556E+16
361.7236952673,0.4880556E+16
361.7236952674,0.4880556E+16
361.7236952675,0.4880556E+16
361.7236952677,0.4880556E+16
361.7236952681,0.4880556E+16
361.7236952683,0.4880556E+16
361.7236952684,0.4880556E+16
361.7236952685,0.4880556E+16
361.7236952687,0.4880556E+16
361.7236952688,0.4880556E+16
361.7236952689,0.4880556E+16
361.7236952691,0.4880556E+16
361.7236952692,0.4880556E+16
361.7236952693,0.4880556E+16
361.7236952695,0.4880556E+16
361.7236952696,0.4880556E+16
361.7236952698,0.4880556E+16
361.7236952702,0.4880556E+16
361.7236952703,0.4880556E+16
361.7236952704,0.4880556E+16
361.7236952705,0.4880556E+16
361.7236952706,0.4880556E+16
361.7236952707,0.4880556E+16
361.7236952709,0.4880556E+16
361.7236952710,0.4880556E+16
361.7236952712,0.4880556E+16
361.7236952713,0.4880556E+16
361.7236952714,0.4880556E+16
361.7236952715,0.4880556E+16
361.7236952716,0.4880556E+16
361.7236952717,0.4880556E+16
361.7236952718,0.4880556E+16
361.7236952719,0.4880556E+16
361.7236952720,0.4880556E+16
361.7236952722,0.4880556E+16
361.7236952723,0.4880556E+16
361.7236952724,0.4880556E+16
361.7236952725,0.4880556E+16
361.7236952726,0.4880556E+16
361.7236952728,0.4880556E+16
361.7236952732,0.4880556E+16
361.7236952740,0.4880556E+16
361.7236952744,0.4880556E+16
361.7236952745,0.4880556E+16
361.7236952746,0.4880556E+16
361.7236952747,0.4880556E+16
361.7236952749,0.4880556E+16
361.7236952750,0.4880556E+16
361.7236952752,0.4880556E+16
361.7236952753,0.4880556E+16
361.7236952754,0.4880556E+16
361.7236952756,0.4880556E+16
361.7236952760,0.4880556E+16
361.7236952762,0.4880556E+16
361.7236952763,0.4880556E+16
361.7236952764,0.4880556E+16
361.7236952765,0.4880556E+16
361.7236952767,0.4880556E+16
361.7236952771,0.4880556E+16
361.7236952773,0.4880556E+16
361.7236952777,0.4880556E+16
361.7236952779,0.4880556E+16
361.7236952780,0.4880556E+16
361.7236952781,0.4880556E+16
361.7236952783,0.4880556E+16
361.7236952784,0.4880556E+16
361.7236952785,0.4880556E+16
361.7236952787,0.4880556E+16
361.7236952791,0.4880556E+16
361.7236952793,0.4880556E+16
361.7236952794,0.4880556E+16
361.7236952795,0.4880556E+16
361.7236952796,0.4880556E+16
361.7236952797,0.4880556E+16
361.7236952799,0.4880556E+16
361.7236952800,0.4880556E+16
361.7236952802,0.4880556E+16
361.7236952806,0.4880556E+16
361.7236952814,0.4880556E+16
361.7236952817,0.4880556E+16
361.7236952824,0.4880556E+16
361.7236952826,0.4880556E+16
361.7236952827,0.4880556E+16
361.7236952828,0.4880556E+16
361.7236952829,0.4880556E+16
361.7236952831,0.4880556E+16
361.7236952832,0.4880556E+16
361.7236952834,0.4880556E+16
361.7236952838,0.4880556E+16
361.7236952840,0.4880556E+16
361.7236952843,0.4880556E+16
361.7236952845,0.4880556E+16
361.7236952848,0.4880556E+16
361.7236952854,0.4880556E+16
361.7236952857,0.4880556E+16
361.7236952858,0.4880556E+16
361.7236952861,0.4880556E+16
361.7236952866,0.4880556E+16
361.7236952876,0.4880556E+16
361.7236952897,0.4880556E+16
361.7236952898,0.4880556E+16
361.7236952902,0.4880556E+16
361.7236952903,0.4880556E+16
361.7236952904,0.4880556E+16
361.7236952905,0.4880556E+16
361.7236952906,0.4880556E+16
361.7236952908,0.4880556E+16
361.7236952912,0.4880556E+16
361.7236952920,0.4880556E+16
361.7236952923,0.4880556E+16
361.7236952930,0.4880556E+16
361.7236952932,0.4880556E+16
361.7236952933,0.4880556E+16
361.7236952934,0.4880556E+16
361.7236952936,0.4880556E+16
361.7236952937,0.4880556E+16
361.7236952939,0.4880556E+16
361.7236952940,0.4880556E+16
361.7236952942,0.4880556E+16
361.7236952946,0.4880556E+16
361.7236952948,0.4880556E+16
361.7236952949,0.4880556E+16
361.7236952951,0.4880556E+16
361.7236952955,0.4880556E+16
361.7236952957,0.4880556E+16
361.7236952961,0.4880556E+16
361.7236952963,0.4880556E+16
361.7236952967,0.4880556E+16
361.7236952969,0.4880556E+16
361.7236952970,0.4880556E+16
361.7236952971,0.4880556E+16
361.7236952973,0.4880556E+16
361.7236952974,0.4880556E+16
361.7236952975,0.4880556E+16
361.7236952976,0.4880556E+16
361.7236952978,0.4880556E+16
361.7236952979,0.4880556E+16
361.7236952980,0.4880556E+16
361.7236952981,0.4880556E+16
361.7236952983,0.4880556E+16
361.7236952984,0.4880556E+16
361.7236952986,0.4880556E+16
361.7236952987,0.4880556E+16
361.7236952988,0.4880556E+16
361.7236952989,0.4880556E+16
361.7236952990,0.4880556E+16
361.7236952991,0.4880556E+16
361.7236952992,0.4880556E+16
361.7236952993,0.4880556E+16
361.7236952995,0.4880556E+16
361.7236952996,0.4880556E+16
361.7236952997,0.4880556E+16
361.7236952998,0.4880556E+16
361.7236953000,0.4880556E+16
361.7236953001,0.4880556E+16
361.7236953002,0.4880556E+16
361.7236953003,0.4880556E+16
361.7236953004,0.4880556E+16
361.7236953006,0.4880556E+16
361.7236953007,0.4880556E+16
361.7236953008,0.4880556E+16
361.7236953009,0.4880556E+16
361.7236953010,0.4880556E+16
361.7236953011,0.4880556E+16
361.7236953013,0.4880556E+16
361.7236953017,0.4880556E+16
361.7236953019,0.4880556E+16
361.7236953020,0.4880556E+16
361.7236953022,0.4880556E+16
361.7236953023,0.4880556E+16
361.7236953025,0.4880556E+16
361.7236953029,0.4880556E+16
361.7236953030,0.4880556E+16
361.7236953031,0.4880556E+16
361.7236953033,0.4880556E+16
361.7236953034,0.4880556E+16
361.7236953036,0.4880556E+16
361.7236953037,0.4880556E+16
361.7236953038,0.4880556E+16
361.7236953040,0.4880556E+16
361.7236953044,0.4880556E+16
361.7236953046,0.4880556E+16
361.7236953047,0.4880556E+16
361.7236953048,0.4880556E+16
361.7236953049,0.4880556E+16
361.7236953050,0.4880556E+16
361.7236953051,0.4880556E+16
361.7236953052,0.4880556E+16
361.7236953053,0.4880556E+16
361.7236953054,0.4880556E+16
361.7236953056,0.4880556E+16
361.7236953057,0.4880556E+16
361.7236953058,0.4880556E+16
361.7236953059,0.4880556E+16
361.7236953060,0.4880556E+16
361.7236953061,0.4880556E+16
361.7236953062,0.4880556E+16
361.7236953063,0.4880556E+16
361.7236953065,0.4880556E+16
361.7236953066,0.4880556E+16
361.7236953067,0.4880556E+16
361.7236953068,0.4880556E+16
361.7236953069,0.4880556E+16
361.7236953071,0.4880556E+16
361.7236953075,0.4880556E+16
361.7236953076,0.4880556E+16
361.7236953077,0.4880556E+16
361.7236953078,0.4880556E+16
361.7236953079,0.4880556E+16
361.7236953080,0.4880556E+16
361.7236953081,0.4880556E+16
361.7236953083,0.4880556E+16
361.7236953087,0.4880556E+16
361.7236953095,0.4880556E+16
361.7236953099,0.4880556E+16
361.7236953100,0.4880556E+16
361.7236953103,0.4880556E+16
361.7236953105,0.4880556E+16
361.7236953107,0.4880556E+16
361.7236953108,0.4880556E+16
361.7236953110,0.4880556E+16
361.7236953114,0.4880556E+16
361.7236953116,0.4880556E+16
361.7236953117,0.4880556E+16
361.7236953119,0.4880556E+16
361.7236953120,0.4880556E+16
361.7236953121,0.4880556E+16
361.7236953123,0.4880556E+16
361.7236953124,0.4880556E+16
361.7236953125,0.4880556E+16
361.7236953126,0.4880556E+16
361.7236953127,0.4880556E+16
361.7236953128,0.4880556E+16
361.7236953129,0.4880556E+16
361.7236953131,0.4880556E+16
361.7236953132,0.4880556E+16
361.7236953133,0.4880556E+16
361.7236953135,0.4880556E+16
361.7236953136,0.4880556E+16
361.7236953137,0.4880556E+16
361.7236953139,0.4880556E+16
361.7236953140,0.4880556E+16
361.7236953142,0.4880556E+16
361.7236953143,0.4880556E+16
361.7236953144,0.4880556E+16
361.7236953145,0.4880556E+16
361.7236953146,0.4880556E+16
361.7236953148,0.4880556E+16
361.7236953149,0.4880556E+16
361.7236953150,0.4880556E+16
361.7236953151,0.4880556E+16
361.7236953152,0.4880556E+16
361.7236953153,0.4880556E+16
361.7236953154,0.4880556E+16
361.7236953155,0.4880556E+16
361.7236953157,0.4880556E+16
361.7236953161,0.4880556E+16
361.7236953163,0.4880556E+16
361.7236953167,0.4880556E+16
361.7236953169,0.4880556E+16
361.7236953170,0.4880556E+16
361.7236953171,0.4880556E+16
361.7236953172,0.4880556E+16
361.7236953174,0.4880556E+16
361.7236953175,0.4880556E+16
361.7236953176,0.4880556E+16
361.7236953177,0.4880556E+16
361.7236953178,0.4880556E+16
361.7236953179,0.4880556E+16
361.7236953180,0.4880556E+16
361.7236953182,0.4880556E+16
361.7236953183,0.4880556E+16
361.7236953184,0.4880556E+16
361.7236953185,0.4880556E+16
361.7236953186,0.4880556E+16
361.7236953187,0.4880556E+16
361.7236953188,0.4880556E+16
361.7236953190,0.4880556E+16
361.7236953194,0.4880556E+16
361.7236953196,0.4880556E+16
361.7236953200,0.4880556E+16
361.7236953202,0.4880556E+16
361.7236953206,0.4880556E+16
361.7236953208,0.4880556E+16
361.7236953212,0.4880556E+16
361.7236953214,0.4880556E+16
361.7236953218,0.4880556E+16
361.7236953220,0.4880556E+16
361.7236953221,0.4880556E+16
361.7236953223,0.4880556E+16
361.7236953224,0.4880556E+16
361.7236953225,0.4880556E+16
361.7236953226,0.4880556E+16
361.7236953228,0.4880556E+16
361.7236953229,0.4880556E+16
361.7236953231,0.4880556E+16
361.7236953235,0.4880556E+16
361.7236953237,0.4880556E+16
361.7236953238,0.4880556E+16
361.7236953239,0.4880556E+16
361.7236953240,0.4880556E+16
361.7236953241,0.4880556E+16
361.7236953242,0.4880556E+16
361.7236953243,0.4880556E+16
361.7236953244,0.4880556E+16
361.7236953245,0.4880556E+16
361.7236953247,0.4880556E+16
361.7236953251,0.4880556E+16
361.7236953253,0.4880556E+16
361.7236953254,0.4880556E+16
361.7236953256,0.4880556E+16
361.7236953260,0.4880556E+16
361.7236953262,0.4880556E+16
361.7236953263,0.4880556E+16
361.7236953264,0.4880556E+16
361.7236953265,0.4880556E+16
361.7236953266,0.4880556E+16
361.7236953267,0.4880556E+16
361.7236953269,0.4880556E+16
361.7236953273,0.4880556E+16
361.7236953275,0.4880556E+16
361.7236953276,0.4880556E+16
361.7236953277,0.4880556E+16
361.7236953279,0.4880556E+16
361.7236953280,0.4880556E+16
361.7236953281,0.4880556E+16
361.7236953282,0.4880556E+16
361.7236953284,0.4880556E+16
361.7236953288,0.4880556E+16
361.7236953290,0.4880556E+16
361.7236953291,0.4880556E+16
361.7236953293,0.4880556E+16
361.7236953294,0.4880556E+16
361.7236953295,0.4880556E+16
361.7236953297,0.4880556E+16
361.7236953301,0.4880556E+16
361.7236953303,0.4880556E+16
361.7236953304,0.4880556E+16
361.7236953305,0.4880556E+16
361.7236953307,0.4880556E+16
361.7236953308,0.4880556E+16
361.7236953309,0.4880556E+16
361.7236953311,0.4880556E+16
361.7236953312,0.4880556E+16
361.7236953313,0.4880556E+16
361.7236953314,0.4880556E+16
361.7236953316,0.4880556E+16
361.7236953317,0.4880556E+16
361.7236953319,0.4880556E+16
361.7236953323,0.4880556E+16
361.7236953325,0.4880556E+16
361.7236953326,0.4880556E+16
361.7236953327,0.4880556E+16
361.7236953328,0.4880556E+16
361.7236953329,0.4880556E+16
361.7236953331,0.4880556E+16
361.7236953332,0.4880556E+16
361.7236953333,0.4880556E+16
361.7236953335,0.4880556E+16
361.7236953336,0.4880556E+16
361.7236953337,0.4880556E+16
361.7236953338,0.4880556E+16
361.7236953339,0.4880556E+16
361.7236953340,0.4880556E+16
361.7236953341,0.4880556E+16
361.7236953343,0.4880556E+16
361.7236953344,0.4880556E+16
361.7236953345,0.4880556E+16
361.7236953346,0.4880556E+16
361.7236953348,0.4880556E+16
361.7236953349,0.4880556E+16
361.7236953350,0.4880556E+16
361.7236953351,0.4880556E+16
361.7236953353,0.4880556E+16
361.7236953354,0.4880556E+16
361.7236953355,0.4880556E+16
361.7236953357,0.4880556E+16
361.7236953358,0.4880556E+16
361.7236953360,0.4880556E+16
361.7236953361,0.4880556E+16
361.7236953363,0.4880556E+16
361.7236953364,0.4880556E+16
361.7236953365,0.4880556E+16
361.7236953366,0.4880556E+16
361.7236953368,0.4880556E+16
361.7236953369,0.4880556E+16
361.7236953370,0.4880556E+16
361.7236953371,0.4880556E+16
361.7236953373,0.4880556E+16
361.7236953374,0.4880556E+16
361.7236953375,0.4880556E+16
361.7236953376,0.4880556E+16
361.7236953377,0.4880556E+16
361.7236953379,0.4880556E+16
361.7236953380,0.4880556E+16
361.7236953382,0.4880556E+16
361.7236953383,0.4880556E+16
361.7236953384,0.4880556E+16
361.7236953386,0.4880556E+16
361.7236953387,0.4880556E+16
361.7236953388,0.4880556E+16
361.7236953389,0.4880556E+16
361.7236953390,0.4880556E+16
361.7236953391,0.4880556E+16
361.7236953392,0.4880556E+16
361.7236953394,0.4880556E+16
361.7236953395,0.4880556E+16
361.7236953396,0.4880556E+16
361.7236953397,0.4880556E+16
361.7236953398,0.4880556E+16
361.7236953399,0.4880556E+16
361.7236953400,0.4880556E+16
361.7236953402,0.4880556E+16
361.7236953406,0.4880556E+16
361.7236953408,0.4880556E+16
361.7236953412,0.4880556E+16
361.7236953414,0.4880556E+16
361.7236953415,0.4880556E+16
361.7236953416,0.4880556E+16
361.7236953418,0.4880556E+16
361.7236953419,0.4880556E+16
361.7236953421,0.4880556E+16
361.7236953425,0.4880556E+16
361.7236953427,0.4880556E+16
361.7236953428,0.4880556E+16
361.7236953429,0.4880556E+16
361.7236953431,0.4880556E+16
361.7236953432,0.4880556E+16
361.7236953434,0.4880556E+16
361.7236953438,0.4880556E+16
361.7236953440,0.4880556E+16
361.7236953441,0.4880556E+16
361.7236953443,0.4880556E+16
361.7236953447,0.4880556E+16
361.7236953455,0.4880556E+16
361.7236953471,0.4880556E+16
361.7236953477,0.4880556E+16
361.7236953490,0.4880556E+16
361.7236953495,0.4880556E+16
361.7236953497,0.4880556E+16
361.7236953501,0.4880556E+16
361.7236953503,0.4880556E+16
361.7236953504,0.4880556E+16
361.7236953505,0.4880556E+16
361.7236953506,0.4880556E+16
361.7236953508,0.4880556E+16
361.7236953509,0.4880556E+16
361.7236953510,0.4880556E+16
361.7236953512,0.4880556E+16
361.7236953513,0.4880556E+16
361.7236953514,0.4880556E+16
361.7236953515,0.4880556E+16
361.7236953517,0.4880556E+16
361.7236953518,0.4880556E+16
361.7236953519,0.4880556E+16
361.7236953521,0.4880556E+16
361.7236953525,0.4880556E+16
361.7236953527,0.4880556E+16
361.7236953531,0.4880556E+16
361.7236953533,0.4880556E+16
361.7236953537,0.4880556E+16
361.7236953538,0.4880556E+16
361.7236953539,0.4880556E+16
361.7236953540,0.4880556E+16
361.7236953542,0.4880556E+16
361.7236953546,0.4880556E+16
361.7236953554,0.4880556E+16
361.7236953570,0.4880556E+16
361.7236953572,0.4880556E+16
361.7236953574,0.4880556E+16
361.7236953575,0.4880556E+16
361.7236953576,0.4880556E+16
361.7236953577,0.4880556E+16
361.7236953579,0.4880556E+16
361.7236953580,0.4880556E+16
361.7236953582,0.4880556E+16
361.7236953583,0.4880556E+16
361.7236953584,0.4880556E+16
361.7236953586,0.4880556E+16
361.7236953587,0.4880556E+16
361.7236953588,0.4880556E+16
361.7236953589,0.4880556E+16
361.7236953591,0.4880556E+16
361.7236953592,0.4880556E+16
361.7236953593,0.4880556E+16
361.7236953595,0.4880556E+16
361.7236953596,0.4880556E+16
361.7236953598,0.4880556E+16
361.7236953599,0.4880556E+16
361.7236953600,0.4880556E+16
361.7236953602,0.4880556E+16
361.7236953603,0.4880556E+16
361.7236953605,0.4880556E+16
361.7236953606,0.4880556E+16
361.7236953608,0.4880556E+16
361.7236953612,0.4880556E+16
361.7236953614,0.4880556E+16
361.7236953615,0.4880556E+16
361.7236953616,0.4880556E+16
361.7236953618,0.4880556E+16
361.7236953619,0.4880556E+16
361.7236953621,0.4880556E+16
361.7236953622,0.4880556E+16
361.7236953623,0.4880556E+16
361.7236953625,0.4880556E+16
361.7236953626,0.4880556E+16
361.7236953628,0.4880556E+16
361.7236953629,0.4880556E+16
361.7236953630,0.4880556E+16
361.7236953632,0.4880556E+16
361.7236953633,0.4880556E+16
361.7236953635,0.4880556E+16
361.7236953639,0.4880556E+16
361.7236953641,0.4880556E+16
361.7236953642,0.4880556E+16
361.7236953643,0.4880556E+16
361.7236953645,0.4880556E+16
361.7236953646,0.4880556E+16
361.7236953647,0.4880556E+16
361.7236953649,0.4880556E+16
361.7236953650,0.4880556E+16
361.7236953652,0.4880556E+16
361.7236953653,0.4880556E+16
361.7236953654,0.4880556E+16
361.7236953656,0.4880556E+16
361.7236953660,0.4880556E+16
361.7236953668,0.4880556E+16
361.7236953671,0.4880556E+16
361.7236953678,0.4880556E+16
361.7236953680,0.4880556E+16
361.7236953685,0.4880556E+16
361.7236953687,0.4880556E+16
361.7236953691,0.4880556E+16
361.7236953693,0.4880556E+16
361.7236953694,0.4880556E+16
361.7236953696,0.4880556E+16
361.7236953700,0.4880556E+16
361.7236953708,0.4880556E+16
361.7236953724,0.4880556E+16
361.7236953731,0.4880556E+16
361.7236953733,0.4880556E+16
361.7236953734,0.4880556E+16
361.7236953737,0.4880556E+16
361.7236953742,0.4880556E+16
361.7236953752,0.4880556E+16
361.7236953756,0.4880556E+16
361.7236953765,0.4880556E+16
361.7236953768,0.4880556E+16
361.7236953769,0.4880556E+16
361.7236953773,0.4880556E+16
361.7236953774,0.4880556E+16
361.7236953775,0.4880556E+16
361.7236953776,0.4880556E+16
361.7236953777,0.4880556E+16
361.7236953779,0.4880556E+16
361.7236953780,0.4880556E+16
361.7236953782,0.4880556E+16
361.7236953783,0.4880556E+16
361.7236953785,0.4880556E+16
361.7236953786,0.4880556E+16
361.7236953787,0.4880556E+16
361.7236953788,0.4880556E+16
361.7236953789,0.4880556E+16
361.7236953790,0.4880556E+16
361.7236953792,0.4880556E+16
361.7236953796,0.4880556E+16
361.7236953798,0.4880556E+16
361.7236953801,0.4880556E+16
361.7236953802,0.4880556E+16
361.7236953805,0.4880556E+16
361.7236953806,0.4880556E+16
361.7236953809,0.4880556E+16
361.7236953810,0.4880556E+16
361.7236953813,0.4880556E+16
361.7236953814,0.4880556E+16
361.7236953815,0.4880556E+16
361.7236953817,0.4880556E+16
361.7236953818,0.4880556E+16
361.7236953820,0.4880556E+16
361.7236953821,0.4880556E+16
361.7236953822,0.4880556E+16
361.7236953824,0.4880556E+16
361.7236953828,0.4880556E+16
361.7236953830,0.4880556E+16
361.7236953831,0.4880556E+16
361.7236953832,0.4880556E+16
361.7236953833,0.4880556E+16
361.7236953834,0.4880556E+16
361.7236953835,0.4880556E+16
361.7236953836,0.4880556E+16
361.7236953838,0.4880556E+16
361.7236953842,0.4880556E+16
361.7236953843,0.4880556E+16
361.7236953847,0.4880556E+16
361.7236953848,0.4880556E+16
361.7236953849,0.4880556E+16
361.7236953851,0.4880556E+16
361.7236953855,0.4880556E+16
361.7236953857,0.4880556E+16
361.7236953858,0.4880556E+16
361.7236953859,0.4880556E+16
361.7236953860,0.4880556E+16
361.7236953861,0.4880556E+16
361.7236953862,0.4880556E+16
361.7236953863,0.4880556E+16
361.7236953864,0.4880556E+16
361.7236953865,0.4880556E+16
361.7236953867,0.4880556E+16
361.7236953871,0.4880556E+16
361.7236953873,0.4880556E+16
361.7236953876,0.4880556E+16
361.7236953877,0.4880556E+16
361.7236953880,0.4880556E+16
361.7236953881,0.4880556E+16
361.7236953884,0.4880556E+16
361.7236953889,0.4880556E+16
361.7236953891,0.4880556E+16
361.7236953892,0.4880556E+16
361.7236953893,0.4880556E+16
361.7236953895,0.4880556E+16
361.7236953896,0.4880556E+16
361.7236953897,0.4880556E+16
361.7236953898,0.4880556E+16
361.7236953900,0.4880556E+16
361.7236953901,0.4880556E+16
361.7236953903,0.4880556E+16
361.7236953907,0.4880556E+16
361.7236953908,0.4880556E+16
361.7236953912,0.4880556E+16
361.7236953913,0.4880556E+16
361.7236953916,0.4880556E+16
361.7236953923,0.4880556E+16
361.7236953936,0.4880556E+16
361.7236953941,0.4880556E+16
361.7236953951,0.4880556E+16
361.7236953971,0.4880556E+16
361.7236953973,0.4880556E+16
361.7236953974,0.4880556E+16
361.7236953976,0.4880556E+16
361.7236953977,0.4880556E+16
361.7236953978,0.4880556E+16
361.7236953980,0.4880556E+16
361.7236953981,0.4880556E+16
361.7236953983,0.4880556E+16
361.7236953984,0.4880556E+16
361.7236953985,0.4880556E+16
361.7236953986,0.4880556E+16
361.7236953988,0.4880556E+16
361.7236953989,0.4880556E+16
361.7236953990,0.4880556E+16
361.7236953991,0.4880556E+16
361.7236953993,0.4880556E+16
361.7236953994,0.4880556E+16
361.7236953996,0.4880556E+16
361.7236953997,0.4880556E+16
361.7236953998,0.4880556E+16
361.7236954000,0.4880556E+16
361.7236954004,0.4880556E+16
361.7236954012,0.4880556E+16
361.7236954015,0.4880556E+16
361.7236954017,0.4880556E+16
361.7236954018,0.4880556E+16
361.7236954019,0.4880556E+16
361.7236954020,0.4880556E+16
361.7236954021,0.4880556E+16
361.7236954022,0.4880556E+16
361.7236954023,0.4880556E+16
361.7236954024,0.4880556E+16
361.7236954026,0.4880556E+16
361.7236954030,0.4880556E+16
361.7236954032,0.4880556E+16
361.7236954033,0.4880556E+16
361.7236954034,0.4880556E+16
361.7236954035,0.4880556E+16
361.7236954037,0.4880556E+16
361.7236954038,0.4880556E+16
361.7236954040,0.4880556E+16
361.7236954044,0.4880556E+16
361.7236954045,0.4880556E+16
361.7236954046,0.4880556E+16
361.7236954048,0.4880556E+16
361.7236954049,0.4880556E+16
361.7236954050,0.4880556E+16
361.7236954052,0.4880556E+16
361.7236954053,0.4880556E+16
361.7236954054,0.4880556E+16
361.7236954055,0.4880556E+16
361.7236954057,0.4880556E+16
361.7236954058,0.4880556E+16
361.7236954059,0.4880556E+16
361.7236954060,0.4880556E+16
361.7236954062,0.4880556E+16
361.7236954066,0.4880556E+16
361.7236954068,0.4880556E+16
361.7236954072,0.4880556E+16
361.7236954074,0.4880556E+16
361.7236954078,0.4880556E+16
361.7236954080,0.4880556E+16
361.7236954081,0.4880556E+16
361.7236954083,0.4880556E+16
361.7236954084,0.4880556E+16
361.7236954085,0.4880556E+16
361.7236954087,0.4880556E+16
361.7236954091,0.4880556E+16
361.7236954093,0.4880556E+16
361.7236954097,0.4880556E+16
361.7236954105,0.4880556E+16
361.7236954109,0.4880556E+16
361.7236954110,0.4880556E+16
361.7236954111,0.4880556E+16
361.7236954112,0.4880556E+16
361.7236954113,0.4880556E+16
361.7236954115,0.4880556E+16
361.7236954116,0.4880556E+16
361.7236954118,0.4880556E+16
361.7236954122,0.4880556E+16
361.7236954124,0.4880556E+16
361.7236954128,0.4880556E+16
361.7236954130,0.4880556E+16
361.7236954133,0.4880556E+16
361.7236954135,0.4880556E+16
361.7236954138,0.4880556E+16
361.7236954139,0.4880556E+16
361.7236954140,0.4880556E+16
361.7236954142,0.4880556E+16
361.7236954146,0.4880556E+16
361.7236954148,0.4880556E+16
361.7236954149,0.4880556E+16
361.7236954150,0.4880556E+16
361.7236954151,0.4880556E+16
361.7236954152,0.4880556E+16
361.7236954154,0.4880556E+16
361.7236954158,0.4880556E+16
361.7236954160,0.4880556E+16
361.7236954161,0.4880556E+16
361.7236954163,0.4880556E+16
361.7236954167,0.4880556E+16
361.7236954175,0.4880556E+16
361.7236954179,0.4880556E+16
361.7236954180,0.4880556E+16
361.7236954181,0.4880556E+16
361.7236954183,0.4880556E+16
361.7236954184,0.4880556E+16
361.7236954186,0.4880556E+16
361.7236954187,0.4880556E+16
361.7236954188,0.4880556E+16
361.7236954189,0.4880556E+16
361.7236954191,0.4880556E+16
361.7236954195,0.4880556E+16
361.7236954203,0.4880556E+16
361.7236954219,0.4880556E+16
361.7236954225,0.4880556E+16
361.7236954238,0.4880556E+16
361.7236954243,0.4880556E+16
361.7236954253,0.4880556E+16
361.7236954274,0.4880556E+16
361.7236954315,0.4880556E+16
361.7236954397,0.4880556E+16
361.7236954561,0.4880556E+16
361.7236954888,0.4880556E+16
361.7236955544,0.4880556E+16
361.7236956854,0.4880556E+16
361.7236959476,0.4880556E+16
361.7236959518,0.4880556E+16
361.7236959602,0.4880556E+16
361.7236959770,0.4880555E+16
361.7236959783,0.4880555E+16
361.7236959784,0.4880555E+16
361.7236959785,0.4880555E+16
361.7236959787,0.4880555E+16
361.7236959788,0.4880555E+16
361.7236959789,0.4880555E+16
361.7236959791,0.4880555E+16
361.7236959792,0.4880555E+16
361.7236959794,0.4880555E+16
361.7236959798,0.4880555E+16
361.7236959800,0.4880555E+16
361.7236959801,0.4880555E+16
361.7236959802,0.4880555E+16
361.7236959804,0.4880555E+16
361.7236959808,0.4880555E+16
361.7236959810,0.4880555E+16
361.7236959814,0.4880555E+16
361.7236959816,0.4880555E+16
361.7236959817,0.4880555E+16
361.7236959818,0.4880555E+16
361.7236959819,0.4880555E+16
361.7236959820,0.4880555E+16
361.7236959822,0.4880555E+16
361.7236959826,0.4880555E+16
361.7236959828,0.4880555E+16
361.7236959831,0.4880555E+16
361.7236959832,0.4880555E+16
361.7236959835,0.4880555E+16
361.7236959840,0.4880555E+16
361.7236959850,0.4880555E+16
361.7236959870,0.4880555E+16
361.7236959911,0.4880555E+16
361.7236959993,0.4880555E+16
361.7236960157,0.4880555E+16
361.7236960223,0.4880555E+16
361.7236960249,0.4880555E+16
361.7236960251,0.4880555E+16
361.7236960255,0.4880555E+16
361.7236960257,0.4880555E+16
361.7236960260,0.4880555E+16
361.7236960262,0.4880555E+16
361.7236960263,0.4880555E+16
361.7236960264,0.4880555E+16
361.7236960265,0.4880555E+16
361.7236960266,0.4880555E+16
361.7236960267,0.4880555E+16
361.7236960268,0.4880555E+16
361.7236960270,0.4880555E+16
361.7236960271,0.4880555E+16
361.7236960273,0.4880555E+16
361.7236960274,0.4880555E+16
361.7236960275,0.4880555E+16
361.7236960277,0.4880555E+16
361.7236960278,0.4880555E+16
361.7236960280,0.4880555E+16
361.7236960281,0.4880555E+16
361.7236960282,0.4880555E+16
361.7236960283,0.4880555E+16
361.7236960284,0.4880555E+16
361.7236960285,0.4880555E+16
361.7236960286,0.4880555E+16
361.7236960287,0.4880555E+16
361.7236960288,0.4880555E+16
361.7236960289,0.4880555E+16
361.7236960291,0.4880555E+16
361.7236960292,0.4880555E+16
361.7236960293,0.4880555E+16
361.7236960294,0.4880555E+16
361.7236960296,0.4880555E+16
361.7236960297,0.4880555E+16
361.7236960298,0.4880555E+16
361.7236960299,0.4880555E+16
361.7236960301,0.4880555E+16
361.7236960302,0.4880555E+16
361.7236960304,0.4880555E+16
361.7236960305,0.4880555E+16
361.7236960306,0.4880555E+16
361.7236960307,0.4880555E+16
361.7236960309,0.4880555E+16
361.7236960313,0.4880555E+16
361.7236960315,0.4880555E+16
361.7236960316,0.4880555E+16
361.7236960317,0.4880555E+16
361.7236960319,0.4880555E+16
361.7236960323,0.4880555E+16
361.7236960325,0.4880555E+16
361.7236960326,0.4880555E+16
361.7236960328,0.4880555E+16
361.7236960329,0.4880555E+16
361.7236960331,0.4880555E+16
361.7236960332,0.4880555E+16
361.7236960333,0.4880555E+16
361.7236960334,0.4880555E+16
361.7236960335,0.4880555E+16
361.7236960336,0.4880555E+16
361.7236960338,0.4880555E+16
361.7236960339,0.4880555E+16
361.7236960340,0.4880555E+16
361.7236960341,0.4880555E+16
361.7236960342,0.4880555E+16
361.7236960344,0.4880555E+16
361.7236960345,0.4880555E+16
361.7236960346,0.4880555E+16
361.7236960347,0.4880555E+16
361.7236960348,0.4880555E+16
361.7236960349,0.4880555E+16
361.7236960350,0.4880555E+16
361.7236960351,0.4880555E+16
361.7236960353,0.4880555E+16
361.7236960357,0.4880555E+16
361.7236960359,0.4880555E+16
361.7236960360,0.4880555E+16
361.7236960361,0.4880555E+16
361.7236960362,0.4880555E+16
361.7236960363,0.4880555E+16
361.7236960364,0.4880555E+16
361.7236960365,0.4880555E+16
361.7236960367,0.4880555E+16
361.7236960368,0.4880555E+16
361.7236960369,0.4880555E+16
361.7236960370,0.4880555E+16
361.7236960372,0.4880555E+16
361.7236960373,0.4880555E+16
361.7236960374,0.4880555E+16
361.7236960375,0.4880555E+16
361.7236960376,0.4880555E+16
361.7236960377,0.4880555E+16
361.7236960378,0.4880555E+16
361.7236960380,0.4880555E+16
361.7236960381,0.4880555E+16
361.7236960382,0.4880555E+16
361.7236960384,0.4880555E+16
361.7236960385,0.4880555E+16
361.7236960386,0.4880555E+16
361.7236960387,0.4880555E+16
361.7236960389,0.4880555E+16
361.7236960393,0.4880555E+16
361.7236960395,0.4880555E+16
361.7236960399,0.4880555E+16
361.7236960401,0.4880555E+16
361.7236960405,0.4880555E+16
361.7236960407,0.4880555E+16
361.7236960408,0.4880555E+16
361.7236960410,0.4880555E+16
361.7236960414,0.4880555E+16
361.7236960416,0.4880555E+16
361.7236960420,0.4880555E+16
361.7236960422,0.4880555E+16
361.7236960423,0.4880555E+16
361.7236960424,0.4880555E+16
361.7236960426,0.4880555E+16
361.7236960427,0.4880555E+16
361.7236960429,0.4880555E+16
361.7236960430,0.4880555E+16
361.7236960432,0.4880555E+16
361.7236960433,0.4880555E+16
361.7236960434,0.4880555E+16
361.7236960436,0.4880555E+16
361.7236960437,0.4880555E+16
361.7236960438,0.4880555E+16
361.7236960439,0.4880555E+16
361.7236960440,0.4880555E+16
361.7236960441,0.4880555E+16
361.7236960442,0.4880555E+16
361.7236960443,0.4880555E+16
361.7236960445,0.4880555E+16
361.7236960446,0.4880555E+16
361.7236960447,0.4880555E+16
361.7236960449,0.4880555E+16
361.7236960453,0.4880555E+16
361.7236960455,0.4880555E+16
361.7236960456,0.4880555E+16
361.7236960457,0.4880555E+16
361.7236960459,0.4880555E+16
361.7236960463,0.4880555E+16
361.7236960464,0.4880555E+16
361.7236960467,0.4880555E+16
361.7236960469,0.4880555E+16
361.7236960470,0.4880555E+16
361.7236960472,0.4880555E+16
361.7236960476,0.4880555E+16
361.7236960484,0.4880555E+16
361.7236960500,0.4880555E+16
361.7236960532,0.4880555E+16
361.7236960545,0.4880555E+16
361.7236960570,0.4880555E+16
361.7236960622,0.4880555E+16
361.7236960626,0.4880555E+16
361.7236960627,0.4880555E+16
361.7236960628,0.4880555E+16
361.7236960630,0.4880555E+16
361.7236960634,0.4880555E+16
361.7236960636,0.4880555E+16
361.7236960639,0.4880555E+16
361.7236960641,0.4880555E+16
361.7236960644,0.4880555E+16
361.7236960645,0.4880555E+16
361.7236960646,0.4880555E+16
361.7236960648,0.4880555E+16
361.7236960652,0.4880555E+16
361.7236960660,0.4880555E+16
361.7236960676,0.4880555E+16
361.7236960678,0.4880555E+16
361.7236960680,0.4880555E+16
361.7236960682,0.4880555E+16
361.7236960683,0.4880555E+16
361.7236960684,0.4880555E+16
361.7236960685,0.4880555E+16
361.7236960687,0.4880555E+16
361.7236960691,0.4880555E+16
361.7236960693,0.4880555E+16
361.7236960697,0.4880555E+16
361.7236960698,0.4880555E+16
361.7236960701,0.4880555E+16
361.7236960708,0.4880555E+16
361.7236960721,0.4880555E+16
361.7236960746,0.4880555E+16
361.7236960756,0.4880555E+16
361.7236960777,0.4880555E+16
361.7236960785,0.4880555E+16
361.7236960788,0.4880555E+16
361.7236960790,0.4880555E+16
361.7236960793,0.4880555E+16
361.7236960800,0.4880555E+16
361.7236960802,0.4880555E+16
361.7236960804,0.4880555E+16
361.7236960806,0.4880555E+16
361.7236960812,0.4880555E+16
361.7236960822,0.4880555E+16
361.7236960826,0.4880555E+16
361.7236960835,0.4880555E+16
361.7236960851,0.4880555E+16
361.7236960858,0.4880555E+16
361.7236960872,0.4880555E+16
361.7236960898,0.4880555E+16
361.7236960901,0.4880555E+16
361.7236960905,0.4880555E+16
361.7236960907,0.4880555E+16
361.7236960908,0.4880555E+16
361.7236960910,0.4880555E+16
361.7236960914,0.4880555E+16
361.7236960915,0.4880555E+16
361.7236960918,0.4880555E+16
361.7236960920,0.4880555E+16
361.7236960923,0.4880555E+16
361.7236960925,0.4880555E+16
361.7236960926,0.4880555E+16
361.7236960927,0.4880555E+16
361.7236960929,0.4880555E+16
361.7236960933,0.4880555E+16
361.7236960935,0.4880555E+16
361.7236960936,0.4880555E+16
361.7236960938,0.4880555E+16
361.7236960939,0.4880555E+16
361.7236960941,0.4880555E+16
361.7236960945,0.4880555E+16
361.7236960947,0.4880555E+16
361.7236960948,0.4880555E+16
361.7236960950,0.4880555E+16
361.7236960954,0.4880555E+16
361.7236960955,0.4880555E+16
361.7236960956,0.4880555E+16
361.7236960958,0.4880555E+16
361.7236960959,0.4880555E+16
361.7236960961,0.4880555E+16
361.7236960962,0.4880555E+16
361.7236960963,0.4880555E+16
361.7236960964,0.4880555E+16
361.7236960966,0.4880555E+16
361.7236960967,0.4880555E+16
361.7236960968,0.4880555E+16
361.7236960969,0.4880555E+16
361.7236960970,0.4880555E+16
361.7236960971,0.4880555E+16
361.7236960972,0.4880555E+16
361.7236960973,0.4880555E+16
361.7236960974,0.4880555E+16
361.7236960975,0.4880555E+16
361.7236960976,0.4880555E+16
361.7236960977,0.4880555E+16
361.7236960979,0.4880555E+16
361.7236960980,0.4880555E+16
361.7236960982,0.4880555E+16
361.7236960983,0.4880555E+16
361.7236960984,0.4880555E+16
361.7236960985,0.4880555E+16
361.7236960987,0.4880555E+16
361.7236960991,0.4880555E+16
361.7236960993,0.4880555E+16
361.7236960994,0.4880555E+16
361.7236960996,0.4880555E+16
361.7236961000,0.4880555E+16
361.7236961002,0.4880555E+16
361.7236961003,0.4880555E+16
361.7236961004,0.4880555E+16
361.7236961005,0.4880555E+16
361.7236961006,0.4880555E+16
361.7236961008,0.4880555E+16
361.7236961009,0.4880555E+16
361.7236961010,0.4880555E+16
361.7236961011,0.4880555E+16
361.7236961013,0.4880555E+16
361.7236961014,0.4880555E+16
361.7236961015,0.4880555E+16
361.7236961016,0.4880555E+16
361.7236961017,0.4880555E+16
361.7236961019,0.4880555E+16
361.7236961023,0.4880555E+16
361.7236961031,0.4880555E+16
361.7236961047,0.4880555E+16
361.7236961049,0.4880555E+16
361.7236961050,0.4880555E+16
361.7236961052,0.4880555E+16
361.7236961056,0.4880555E+16
361.7236961058,0.4880555E+16
361.7236961059,0.4880555E+16
361.7236961060,0.4880555E+16
361.7236961061,0.4880555E+16
361.7236961063,0.4880555E+16
361.7236961064,0.4880555E+16
361.7236961066,0.4880555E+16
361.7236961067,0.4880555E+16
361.7236961069,0.4880555E+16
361.7236961073,0.4880555E+16
361.7236961075,0.4880555E+16
361.7236961076,0.4880555E+16
361.7236961077,0.4880555E+16
361.7236961078,0.4880555E+16
361.7236961079,0.4880555E+16
361.7236961080,0.4880555E+16
361.7236961082,0.4880555E+16
361.7236961083,0.4880555E+16
361.7236961085,0.4880555E+16
361.7236961086,0.4880555E+16
361.7236961087,0.4880555E+16
361.7236961088,0.4880555E+16
361.7236961090,0.4880555E+16
361.7236961094,0.4880555E+16
361.7236961096,0.4880555E+16
361.7236961100,0.4880555E+16
361.7236961102,0.4880555E+16
361.7236961106,0.4880555E+16
361.7236961108,0.4880555E+16
361.7236961109,0.4880555E+16
361.7236961110,0.4880555E+16
361.7236961112,0.4880555E+16
361.7236961116,0.4880555E+16
361.7236961118,0.4880555E+16
361.7236961122,0.4880555E+16
361.7236961124,0.4880555E+16
361.7236961125,0.4880555E+16
361.7236961126,0.4880555E+16
361.7236961127,0.4880555E+16
361.7236961129,0.4880555E+16
361.7236961130,0.4880555E+16
361.7236961132,0.4880555E+16
361.7236961136,0.4880555E+16
361.7236961137,0.4880555E+16
361.7236961138,0.4880555E+16
361.7236961139,0.4880555E+16
361.7236961141,0.4880555E+16
361.7236961142,0.4880555E+16
361.7236961144,0.4880555E+16
361.7236961148,0.4880555E+16
361.7236961150,0.4880555E+16
361.7236961154,0.4880555E+16
361.7236961156,0.4880555E+16
361.7236961159,0.4880555E+16
361.7236961161,0.4880555E+16
361.7236961162,0.4880555E+16
361.7236961164,0.4880555E+16
361.7236961165,0.4880555E+16
361.7236961166,0.4880555E+16
361.7236961168,0.4880555E+16
361.7236961172,0.4880555E+16
361.7236961174,0.4880555E+16
361.7236961175,0.4880555E+16
361.7236961176,0.4880555E+16
361.7236961177,0.4880555E+16
361.7236961178,0.4880555E+16
361.7236961179,0.4880555E+16
361.7236961181,0.4880555E+16
361.7236961185,0.4880555E+16
361.7236961186,0.4880555E+16
361.7236961189,0.4880555E+16
361.7236961191,0.4880555E+16
361.7236961192,0.4880555E+16
361.7236961194,0.4880555E+16
361.7236961198,0.4880555E+16
361.7236961200,0.4880555E+16
361.7236961204,0.4880555E+16
361.7236961206,0.4880555E+16
361.7236961207,0.4880555E+16
361.7236961208,0.4880555E+16
361.7236961210,0.4880555E+16
361.7236961214,0.4880555E+16
361.7236961216,0.4880555E+16
361.7236961220,0.4880555E+16
361.7236961222,0.4880555E+16
361.7236961223,0.4880555E+16
361.7236961224,0.4880555E+16
361.7236961226,0.4880555E+16
361.7236961230,0.4880555E+16
361.7236961232,0.4880555E+16
361.7236961233,0.4880555E+16
361.7236961234,0.4880555E+16
361.7236961235,0.4880555E+16
361.7236961236,0.4880555E+16
361.7236961237,0.4880555E+16
361.7236961239,0.4880555E+16
361.7236961240,0.4880555E+16
361.7236961241,0.4880555E+16
361.7236961242,0.4880555E+16
361.7236961243,0.4880555E+16
361.7236961244,0.4880555E+16
361.7236961246,0.4880555E+16
361.7236961250,0.4880555E+16
361.7236961258,0.4880555E+16
361.7236961274,0.4880555E+16
361.7236961275,0.4880555E+16
361.7236961276,0.4880555E+16
361.7236961278,0.4880555E+16
361.7236961282,0.4880555E+16
361.7236961284,0.4880555E+16
361.7236961288,0.4880555E+16
361.7236961290,0.4880555E+16
361.7236961291,0.4880555E+16
361.7236961292,0.4880555E+16
361.7236961293,0.4880555E+16
361.7236961294,0.4880555E+16
361.7236961296,0.4880555E+16
361.7236961297,0.4880555E+16
361.7236961298,0.4880555E+16
361.7236961299,0.4880555E+16
361.7236961300,0.4880555E+16
361.7236961302,0.4880555E+16
361.7236961303,0.4880555E+16
361.7236961304,0.4880555E+16
361.7236961306,0.4880555E+16
361.7236961307,0.4880555E+16
361.7236961309,0.4880555E+16
361.7236961310,0.4880555E+16
361.7236961311,0.4880555E+16
361.7236961312,0.4880555E+16
361.7236961314,0.4880555E+16
361.7236961315,0.4880555E+16
361.7236961317,0.4880555E+16
361.7236961321,0.4880555E+16
361.7236961323,0.4880555E+16
361.7236961324,0.4880555E+16
361.7236961325,0.4880555E+16
361.7236961327,0.4880555E+16
361.7236961328,0.4880555E+16
361.7236961329,0.4880555E+16
361.7236961331,0.4880555E+16
361.7236961332,0.4880555E+16
361.7236961333,0.4880555E+16
361.7236961335,0.4880555E+16
361.7236961339,0.4880555E+16
361.7236961341,0.4880555E+16
361.7236961345,0.4880555E+16
361.7236961347,0.4880555E+16
361.7236961348,0.4880555E+16
361.7236961350,0.4880555E+16
361.7236961351,0.4880555E+16
361.7236961353,0.4880555E+16
361.7236961357,0.4880555E+16
361.7236961359,0.4880555E+16
361.7236961360,0.4880555E+16
361.7236961361,0.4880555E+16
361.7236961362,0.4880555E+16
361.7236961364,0.4880555E+16
361.7236961365,0.4880555E+16
361.7236961366,0.4880555E+16
361.7236961367,0.4880555E+16
361.7236961368,0.4880555E+16
361.7236961369,0.4880555E+16
361.7236961370,0.4880555E+16
361.7236961371,0.4880555E+16
361.7236961373,0.4880555E+16
361.7236961377,0.4880555E+16
361.7236961379,0.4880555E+16
361.7236961380,0.4880555E+16
361.7236961382,0.4880555E+16
361.7236961386,0.4880555E+16
361.7236961387,0.4880555E+16
361.7236961388,0.4880555E+16
361.7236961390,0.4880555E+16
361.7236961394,0.4880555E+16
361.7236961396,0.4880555E+16
361.7236961397,0.4880555E+16
361.7236961398,0.4880555E+16
361.7236961400,0.4880555E+16
361.7236961404,0.4880555E+16
361.7236961406,0.4880555E+16
361.7236961410,0.4880555E+16
361.7236961412,0.4880555E+16
361.7236961416,0.4880555E+16
361.7236961424,0.4880555E+16
361.7236961427,0.4880555E+16
361.7236961429,0.4880555E+16
361.7236961432,0.4880555E+16
361.7236961434,0.4880555E+16
361.7236961435,0.4880555E+16
361.7236961436,0.4880555E+16
361.7236961437,0.4880555E+16
361.7236961438,0.4880555E+16
361.7236961440,0.4880555E+16
361.7236961444,0.4880555E+16
361.7236961452,0.4880555E+16
361.7236961468,0.4880555E+16
361.7236961500,0.4880555E+16
361.7236961564,0.4880555E+16
361.7236961589,0.4880555E+16
361.7236961600,0.4880555E+16
361.7236961620,0.4880555E+16
361.7236961628,0.4880555E+16
361.7236961645,0.4880555E+16
361.7236961651,0.4880555E+16
361.7236961664,0.4880555E+16
361.7236961691,0.4880555E+16
361.7236961693,0.4880555E+16
361.7236961697,0.4880555E+16
361.7236961705,0.4880555E+16
361.7236961722,0.4880555E+16
361.7236961756,0.4880555E+16
361.7236961758,0.4880555E+16
361.7236961764,0.4880555E+16
361.7236961766,0.4880555E+16
361.7236961767,0.4880555E+16
361.7236961768,0.4880555E+16
361.7236961769,0.4880555E+16
361.7236961770,0.4880555E+16
361.7236961772,0.4880555E+16
361.7236961773,0.4880555E+16
361.7236961774,0.4880555E+16
361.7236961775,0.4880555E+16
361.7236961776,0.4880555E+16
361.7236961777,0.4880555E+16
361.7236961778,0.4880555E+16
361.7236961780,0.4880555E+16
361.7236961781,0.4880555E+16
361.7236961782,0.4880555E+16
361.7236961783,0.4880555E+16
361.7236961784,0.4880555E+16
361.7236961785,0.4880555E+16
361.7236961787,0.4880555E+16
361.7236961788,0.4880555E+16
361.7236961790,0.4880555E+16
361.7236961791,0.4880555E+16
361.7236961793,0.4880555E+16
361.7236961797,0.4880555E+16
361.7236961799,0.4880555E+16
361.7236961800,0.4880555E+16
361.7236961802,0.4880555E+16
361.7236961803,0.4880555E+16
361.7236961805,0.4880555E+16
361.7236961809,0.4880555E+16
361.7236961810,0.4880555E+16
361.7236961814,0.4880555E+16
361.7236961815,0.4880555E+16
361.7236961816,0.4880555E+16
361.7236961817,0.4880555E+16
361.7236961819,0.4880555E+16
361.7236961820,0.4880555E+16
361.7236961822,0.4880555E+16
361.7236961826,0.4880555E+16
361.7236961828,0.4880555E+16
361.7236961832,0.4880555E+16
361.7236961834,0.4880555E+16
361.7236961835,0.4880555E+16
361.7236961837,0.4880555E+16
361.7236961838,0.4880555E+16
361.7236961840,0.4880555E+16
361.7236961844,0.4880555E+16
361.7236961846,0.4880555E+16
361.7236961847,0.4880555E+16
361.7236961848,0.4880555E+16
361.7236961849,0.4880555E+16
361.7236961850,0.4880555E+16
361.7236961852,0.4880555E+16
361.7236961853,0.4880555E+16
361.7236961855,0.4880555E+16
361.7236961859,0.4880555E+16
361.7236961861,0.4880555E+16
361.7236961865,0.4880555E+16
361.7236961867,0.4880555E+16
361.7236961868,0.4880555E+16
361.7236961869,0.4880555E+16
361.7236961870,0.4880555E+16
361.7236961871,0.4880555E+16
361.7236961873,0.4880555E+16
361.7236961874,0.4880555E+16
361.7236961876,0.4880555E+16
361.7236961877,0.4880555E+16
361.7236961879,0.4880555E+16
361.7236961880,0.4880555E+16
361.7236961881,0.4880555E+16
361.7236961882,0.4880555E+16
361.7236961883,0.4880555E+16
361.7236961884,0.4880555E+16
361.7236961885,0.4880555E+16
361.7236961886,0.4880555E+16
361.7236961887,0.4880555E+16
361.7236961889,0.4880555E+16
361.7236961890,0.4880555E+16
361.7236961891,0.4880555E+16
361.7236961893,0.4880555E+16
361.7236961897,0.4880555E+16
361.7236961899,0.4880555E+16
361.7236961900,0.4880555E+16
361.7236961902,0.4880555E+16
361.7236961906,0.4880555E+16
361.7236961907,0.4880555E+16
361.7236961908,0.4880555E+16
361.7236961910,0.4880555E+16
361.7236961914,0.4880555E+16
361.7236961916,0.4880555E+16
361.7236961917,0.4880555E+16
361.7236961918,0.4880555E+16
361.7236961919,0.4880555E+16
361.7236961920,0.4880555E+16
361.7236961921,0.4880555E+16
361.7236961922,0.4880555E+16
361.7236961924,0.4880555E+16
361.7236961925,0.4880555E+16
361.7236961926,0.4880555E+16
361.7236961928,0.4880555E+16
361.7236961932,0.4880555E+16
361.7236961934,0.4880555E+16
361.7236961935,0.4880555E+16
361.7236961936,0.4880555E+16
361.7236961937,0.4880555E+16
361.7236961938,0.4880555E+16
361.7236961939,0.4880555E+16
361.7236961940,0.4880555E+16
361.7236961941,0.4880555E+16
361.7236961942,0.4880555E+16
361.7236961943,0.4880555E+16
361.7236961944,0.4880555E+16
361.7236961945,0.4880555E+16
361.7236961947,0.4880555E+16
361.7236961948,0.4880555E+16
361.7236961950,0.4880555E+16
361.7236961954,0.4880555E+16
361.7236961956,0.4880555E+16
361.7236961957,0.4880555E+16
361.7236961959,0.4880555E+16
361.7236961963,0.4880555E+16
361.7236961971,0.4880555E+16
361.7236961974,0.4880555E+16
361.7236961975,0.4880555E+16
361.7236961976,0.4880555E+16
361.7236961978,0.4880555E+16
361.7236961979,0.4880555E+16
361.7236961980,0.4880555E+16
361.7236961981,0.4880555E+16
361.7236961982,0.4880555E+16
361.7236961984,0.4880555E+16
361.7236961985,0.4880555E+16
361.7236961987,0.4880555E+16
361.7236961988,0.4880555E+16
361.7236961989,0.4880555E+16
361.7236961991,0.4880555E+16
361.7236961992,0.4880555E+16
361.7236961993,0.4880555E+16
361.7236961995,0.4880555E+16
361.7236961996,0.4880555E+16
361.7236961998,0.4880555E+16
361.7236961999,0.4880555E+16
361.7236962000,0.4880555E+16
361.7236962001,0.4880555E+16
361.7236962003,0.4880555E+16
361.7236962007,0.4880555E+16
361.7236962009,0.4880555E+16
361.7236962010,0.4880555E+16
361.7236962011,0.4880555E+16
361.7236962012,0.4880555E+16
361.7236962013,0.4880555E+16
361.7236962014,0.4880555E+16
361.7236962015,0.4880555E+16
361.7236962017,0.4880555E+16
361.7236962021,0.4880555E+16
361.7236962023,0.4880555E+16
361.7236962027,0.4880555E+16
361.7236962029,0.4880555E+16
361.7236962030,0.4880555E+16
361.7236962031,0.4880555E+16
361.7236962033,0.4880555E+16
361.7236962034,0.4880555E+16
361.7236962036,0.4880555E+16
361.7236962037,0.4880555E+16
361.7236962038,0.4880555E+16
361.7236962040,0.4880555E+16
361.7236962041,0.4880555E+16
361.7236962043,0.4880555E+16
361.7236962044,0.4880555E+16
361.7236962045,0.4880555E+16
361.7236962046,0.4880555E+16
361.7236962047,0.4880555E+16
361.7236962048,0.4880555E+16
361.7236962050,0.4880555E+16
361.7236962051,0.4880555E+16
361.7236962052,0.4880555E+16
361.7236962054,0.4880555E+16
361.7236962058,0.4880555E+16
361.7236962066,0.4880555E+16
361.7236962069,0.4880555E+16
361.7236962070,0.4880555E+16
361.7236962073,0.4880555E+16
361.7236962074,0.4880555E+16
361.7236962075,0.4880555E+16
361.7236962076,0.4880555E+16
361.7236962078,0.4880555E+16
361.7236962079,0.4880555E+16
361.7236962080,0.4880555E+16
361.7236962081,0.4880555E+16
361.7236962082,0.4880555E+16
361.7236962084,0.4880555E+16
361.7236962088,0.4880555E+16
361.7236962096,0.4880555E+16
361.7236962099,0.4880555E+16
361.7236962106,0.4880555E+16
361.7236962108,0.4880555E+16
361.7236962109,0.4880555E+16
361.7236962112,0.4880555E+16
361.7236962117,0.4880555E+16
361.7236962127,0.4880555E+16
361.7236962148,0.4880555E+16
361.7236962189,0.4880555E+16
361.7236962271,0.4880555E+16
361.7236962435,0.4880555E+16
361.7236962762,0.4880555E+16
361.7236963418,0.4880555E+16
361.7236964728,0.4880555E+16
361.7236967350,0.4880555E+16
361.7236967392,0.4880555E+16
361.7236967476,0.4880555E+16
361.7236967643,0.4880555E+16
361.7236967979,0.4880555E+16
361.7236968650,0.4880555E+16
361.7236969992,0.4880555E+16
361.7236970529,0.4880555E+16
361.7236970538,0.4880555E+16
361.7236970541,0.4880555E+16
361.7236970543,0.4880555E+16
361.7236970546,0.4880555E+16
361.7236970548,0.4880555E+16
361.7236970549,0.4880555E+16
361.7236970550,0.4880555E+16
361.7236970552,0.4880555E+16
361.7236970556,0.4880555E+16
361.7236970558,0.4880555E+16
361.7236970559,0.4880555E+16
361.7236970560,0.4880555E+16
361.7236970561,0.4880555E+16
361.7236970562,0.4880555E+16
361.7236970563,0.4880555E+16
361.7236970564,0.4880555E+16
361.7236970565,0.4880555E+16
361.7236970567,0.4880555E+16
361.7236970568,0.4880555E+16
361.7236970569,0.4880555E+16
361.7236970570,0.4880555E+16
361.7236970572,0.4880555E+16
361.7236970573,0.4880555E+16
361.7236970574,0.4880555E+16
361.7236970576,0.4880555E+16
361.7236970577,0.4880555E+16
361.7236970578,0.4880555E+16
361.7236970579,0.4880555E+16
361.7236970580,0.4880555E+16
361.7236970582,0.4880555E+16
361.7236970586,0.4880555E+16
361.7236970588,0.4880555E+16
361.7236970589,0.4880555E+16
361.7236970590,0.4880555E+16
361.7236970591,0.4880555E+16
361.7236970593,0.4880555E+16
361.7236970594,0.4880555E+16
361.7236970596,0.4880555E+16
361.7236970597,0.4880555E+16
361.7236970598,0.4880555E+16
361.7236970599,0.4880555E+16
361.7236970600,0.4880555E+16
361.7236970601,0.4880555E+16
361.7236970603,0.4880555E+16
361.7236970604,0.4880555E+16
361.7236970605,0.4880555E+16
361.7236970607,0.4880555E+16
361.7236970608,0.4880555E+16
361.7236970609,0.4880555E+16
361.7236970610,0.4880555E+16
361.7236970611,0.4880555E+16
361.7236970613,0.4880555E+16
361.7236970617,0.4880555E+16
361.7236970619,0.4880555E+16
361.7236970620,0.4880555E+16
361.7236970621,0.4880555E+16
361.7236970623,0.4880555E+16
361.7236970624,0.4880555E+16
361.7236970626,0.4880555E+16
361.7236970627,0.4880555E+16
361.7236970629,0.4880555E+16
361.7236970633,0.4880555E+16
361.7236970634,0.4880555E+16
361.7236970637,0.4880555E+16
361.7236970644,0.4880555E+16
361.7236970646,0.4880555E+16
361.7236970647,0.4880555E+16
361.7236970649,0.4880555E+16
361.7236970653,0.4880555E+16
361.7236970655,0.4880555E+16
361.7236970656,0.4880555E+16
361.7236970657,0.4880555E+16
361.7236970658,0.4880555E+16
361.7236970659,0.4880555E+16
361.7236970660,0.4880555E+16
361.7236970661,0.4880555E+16
361.7236970662,0.4880555E+16
361.7236970663,0.4880555E+16
361.7236970665,0.4880555E+16
361.7236970669,0.4880555E+16
361.7236970671,0.4880555E+16
361.7236970675,0.4880555E+16
361.7236970677,0.4880555E+16
361.7236970680,0.4880555E+16
361.7236970681,0.4880555E+16
361.7236970682,0.4880555E+16
361.7236970683,0.4880555E+16
361.7236970684,0.4880555E+16
361.7236970686,0.4880555E+16
361.7236970690,0.4880555E+16
361.7236970692,0.4880555E+16
361.7236970693,0.4880555E+16
361.7236970695,0.4880555E+16
361.7236970696,0.4880555E+16
361.7236970698,0.4880555E+16
361.7236970702,0.4880555E+16
361.7236970704,0.4880555E+16
361.7236970705,0.4880555E+16
361.7236970707,0.4880555E+16
361.7236970711,0.4880555E+16
361.7236970719,0.4880555E+16
361.7236970722,0.4880555E+16
361.7236970729,0.4880555E+16
361.7236970731,0.4880555E+16
361.7236970733,0.4880555E+16
361.7236970735,0.4880555E+16
361.7236970736,0.4880555E+16
361.7236970739,0.4880555E+16
361.7236970744,0.4880555E+16
361.7236970754,0.4880555E+16
361.7236970758,0.4880555E+16
361.7236970760,0.4880555E+16
361.7236970761,0.4880555E+16
361.7236970762,0.4880555E+16
361.7236970763,0.4880555E+16
361.7236970764,0.4880555E+16
361.7236970765,0.4880555E+16
361.7236970767,0.4880555E+16
361.7236970768,0.4880555E+16
361.7236970769,0.4880555E+16
361.7236970771,0.4880555E+16
361.7236970772,0.4880555E+16
361.7236970774,0.4880555E+16
361.7236970778,0.4880555E+16
361.7236970780,0.4880555E+16
361.7236970783,0.4880555E+16
361.7236970785,0.4880555E+16
361.7236970786,0.4880555E+16
361.7236970787,0.4880555E+16
361.7236970789,0.4880555E+16
361.7236970790,0.4880555E+16
361.7236970791,0.4880555E+16
361.7236970792,0.4880555E+16
361.7236970794,0.4880555E+16
361.7236970795,0.4880555E+16
361.7236970796,0.4880555E+16
361.7236970797,0.4880555E+16
361.7236970799,0.4880555E+16
361.7236970800,0.4880555E+16
361.7236970802,0.4880555E+16
361.7236970803,0.4880555E+16
361.7236970804,0.4880555E+16
